session,driver_number,lap_number,lap_time,tire_compound,tire_age_at_start,track_temperature,air_temperature,wind_speed,humidity,pressure
Practice 1,18,1,,HARD,0,45.7,32.0,2.0,60.0,1007.7
Practice 1,40,1,,HARD,0,45.7,32.0,2.0,60.0,1007.7
Practice 1,77,1,,MEDIUM,0,45.7,32.0,2.0,60.0,1007.7
Practice 1,14,1,,HARD,0,45.7,32.0,2.0,60.0,1007.7
Practice 1,24,1,,HARD,0,45.7,32.0,2.0,60.0,1007.7
Practice 1,31,1,,MEDIUM,0,45.7,32.0,2.0,60.0,1007.7
Practice 1,4,1,,MEDIUM,0,45.7,32.0,2.0,60.0,1007.7
Practice 1,63,1,,HARD,0,45.7,32.0,2.0,60.0,1007.7
Practice 1,44,1,,HARD,0,45.7,32.0,2.0,60.0,1007.7
Practice 1,55,1,,HARD,0,45.7,32.0,2.0,60.0,1007.7
Practice 1,11,1,,HARD,0,45.7,32.0,2.0,60.0,1007.7
Practice 1,16,1,,HARD,0,45.7,32.0,2.0,60.0,1007.7
Practice 1,81,1,,MEDIUM,0,45.7,32.0,2.0,60.0,1007.7
Practice 1,22,1,,HARD,0,45.7,32.0,2.0,60.0,1007.7
Practice 1,1,1,,HARD,0,45.7,32.0,2.0,60.0,1007.7
Practice 1,10,1,,MEDIUM,0,45.7,32.0,2.0,60.0,1007.7
Practice 1,20,1,,HARD,0,45.7,32.0,2.0,60.0,1007.7
Practice 1,27,1,,HARD,0,45.7,32.0,2.0,60.0,1007.7
Practice 1,18,2,119.436,HARD,0,45.7,32.0,2.0,60.0,1007.7
Practice 1,77,2,99.308,MEDIUM,0,45.7,32.0,2.0,60.0,1007.7
Practice 1,40,2,116.618,HARD,0,45.7,32.0,2.0,60.0,1007.7
Practice 1,14,2,100.337,HARD,0,45.7,32.0,2.0,60.0,1007.7
Practice 1,24,2,102.182,HARD,0,45.7,32.0,2.0,60.0,1007.7
Practice 1,63,2,100.348,HARD,0,45.7,32.0,2.0,60.0,1007.7
Practice 1,31,2,100.645,MEDIUM,0,45.7,32.0,2.0,60.0,1007.7
Practice 1,4,2,97.895,MEDIUM,0,45.7,32.0,2.0,60.0,1007.7
Practice 1,55,2,98.999,HARD,0,45.7,32.0,2.0,60.0,1007.7
Practice 1,11,2,99.624,HARD,0,45.7,32.0,2.0,60.0,1007.7
Practice 1,44,2,99.012,HARD,0,45.7,32.0,2.0,60.0,1007.7
Practice 1,16,2,98.224,HARD,0,45.7,32.0,2.0,60.0,1007.7
Practice 1,22,2,100.995,HARD,0,45.7,32.0,2.0,60.0,1007.7
Practice 1,2,1,,HARD,0,45.7,32.0,2.0,60.0,1007.7
Practice 1,81,2,100.014,MEDIUM,0,45.7,32.0,2.0,60.0,1007.7
Practice 1,1,2,98.169,HARD,0,45.7,32.0,2.0,60.0,1007.7
Practice 1,10,2,97.991,MEDIUM,0,45.7,32.0,2.0,60.0,1007.7
Practice 1,77,3,136.213,MEDIUM,0,45.7,32.0,2.0,60.0,1007.7
Practice 1,20,2,98.953,HARD,0,45.7,32.0,2.0,60.0,1007.7
Practice 1,27,2,99.109,HARD,0,45.7,32.0,2.0,60.0,1007.7
Practice 1,14,3,100.963,HARD,0,45.7,32.0,2.0,60.0,1007.7
Practice 1,40,3,100.925,HARD,0,45.7,32.0,2.0,60.0,1007.7
Practice 1,24,3,100.017,HARD,0,45.7,32.0,2.0,60.0,1007.7
Practice 1,63,3,98.97,HARD,0,45.7,32.0,2.0,60.0,1007.7
Practice 1,23,1,,MEDIUM,0,45.7,32.0,2.0,60.0,1007.7
Practice 1,31,3,155.369,MEDIUM,0,45.7,32.0,2.0,60.0,1007.7
Practice 1,4,3,138.582,MEDIUM,0,45.7,32.0,2.0,60.0,1007.7
Practice 1,55,3,137.544,HARD,0,45.7,32.0,2.0,60.0,1007.7
Practice 1,11,3,143.545,HARD,0,45.7,32.0,2.0,60.0,1007.7
Practice 1,44,3,172.594,HARD,0,45.7,32.0,2.0,60.0,1007.7
Practice 1,16,3,142.692,HARD,0,45.7,32.0,2.0,60.0,1007.7
Practice 1,22,3,138.76,HARD,0,45.7,32.0,2.0,60.0,1007.7
Practice 1,81,3,141.92,MEDIUM,0,45.7,32.0,2.0,60.0,1007.7
Practice 1,1,3,159.585,HARD,0,45.7,32.0,2.0,60.0,1007.7
Practice 1,10,3,145.883,MEDIUM,0,45.7,32.0,2.0,60.0,1007.7
Practice 1,20,3,156.196,HARD,0,45.7,32.0,2.0,60.0,1007.7
Practice 1,27,3,140.505,HARD,0,45.7,32.0,2.0,60.0,1007.7
Practice 1,2,2,101.972,HARD,0,45.7,32.0,2.0,60.0,1007.7
Practice 1,14,4,151.423,HARD,0,45.7,32.0,2.0,60.0,1007.7
Practice 1,40,4,153.382,HARD,0,45.7,32.0,2.0,60.0,1007.7
Practice 1,24,4,99.667,HARD,0,45.7,32.0,2.0,60.0,1007.7
Practice 1,63,4,130.853,HARD,0,45.7,32.0,2.0,60.0,1007.7
Practice 1,77,4,98.113,MEDIUM,0,45.7,32.0,2.0,60.0,1007.7
Practice 1,23,2,99.115,MEDIUM,0,45.7,32.0,2.0,60.0,1007.7
Practice 1,4,4,95.782,MEDIUM,0,45.7,32.0,2.0,60.0,1007.7
Practice 1,55,4,96.128,HARD,0,45.7,32.0,2.0,60.0,1007.7
Practice 1,31,4,97.394,MEDIUM,0,45.7,32.0,2.0,60.0,1007.7
Practice 1,11,4,96.838,HARD,0,45.7,32.0,2.0,60.0,1007.7
Practice 1,16,4,96.368,HARD,0,45.7,32.0,2.0,60.0,1007.7
Practice 1,2,3,99.16,HARD,0,45.7,32.0,2.0,60.0,1007.7
Practice 1,22,4,97.859,HARD,0,45.7,32.0,2.0,60.0,1007.7
Practice 1,24,5,138.689,HARD,0,45.7,32.0,2.0,60.0,1007.7
Practice 1,81,4,97.716,MEDIUM,0,45.7,32.0,2.0,60.0,1007.7
Practice 1,77,5,136.053,MEDIUM,0,45.7,32.0,2.0,60.0,1007.7
Practice 1,44,4,96.386,HARD,0,45.7,32.0,2.0,60.0,1007.7
Practice 1,10,4,97.762,MEDIUM,0,45.7,32.0,2.0,60.0,1007.7
Practice 1,23,3,134.324,MEDIUM,0,45.7,32.0,2.0,60.0,1007.7
Practice 1,27,4,97.186,HARD,0,45.7,32.0,2.0,60.0,1007.7
Practice 1,1,4,96.421,HARD,0,45.7,32.0,2.0,60.0,1007.7
Practice 1,20,4,97.649,HARD,0,45.7,32.0,2.0,60.0,1007.7
Practice 1,14,5,96.944,HARD,0,45.7,32.0,2.0,60.0,1007.7
Practice 1,40,5,99.236,HARD,0,45.7,32.0,2.0,60.0,1007.7
Practice 1,63,5,165.023,HARD,0,45.7,32.0,2.0,60.0,1007.7
Practice 1,4,5,124.286,MEDIUM,0,45.7,32.0,2.0,60.0,1007.7
Practice 1,55,5,159.914,HARD,0,45.7,32.0,2.0,60.0,1007.7
Practice 1,31,5,159.147,MEDIUM,0,45.7,32.0,2.0,60.0,1007.7
Practice 1,11,5,167.373,HARD,0,45.7,32.0,2.0,60.0,1007.7
Practice 1,16,5,174.004,HARD,0,45.7,32.0,2.0,60.0,1007.7
Practice 1,2,4,142.928,HARD,0,45.7,32.0,2.0,60.0,1007.7
Practice 1,22,5,145.299,HARD,0,45.7,32.0,2.0,60.0,1007.7
Practice 1,81,5,146.593,MEDIUM,0,45.7,32.0,2.0,60.0,1007.7
Practice 1,44,5,189.077,HARD,0,45.7,32.0,2.0,60.0,1007.7
Practice 1,10,5,157.383,MEDIUM,0,45.7,32.0,2.0,60.0,1007.7
Practice 1,27,5,148.819,HARD,0,45.7,32.0,2.0,60.0,1007.7
Practice 1,1,5,160.818,HARD,0,45.7,32.0,2.0,60.0,1007.7
Practice 1,20,5,162.126,HARD,0,45.7,32.0,2.0,60.0,1007.7
Practice 1,24,6,97.995,HARD,0,45.7,32.0,2.0,60.0,1007.7
Practice 1,14,6,132.482,HARD,0,45.7,32.0,2.0,60.0,1007.7
Practice 1,77,6,97.338,MEDIUM,0,45.7,32.0,2.0,60.0,1007.7
Practice 1,40,6,152.817,HARD,0,45.7,32.0,2.0,60.0,1007.7
Practice 1,23,4,97.638,MEDIUM,0,45.7,32.0,2.0,60.0,1007.7
Practice 1,63,6,96.964,HARD,0,45.7,32.0,2.0,60.0,1007.7
Practice 1,4,6,172.682,MEDIUM,0,45.7,32.0,2.0,60.0,1007.7
Practice 1,55,6,95.718,HARD,0,45.7,32.0,2.0,60.0,1007.7
Practice 1,31,6,96.453,MEDIUM,0,45.7,32.0,2.0,60.0,1007.7
Practice 1,2,5,98.66,HARD,0,45.7,32.0,2.0,60.0,1007.7
Practice 1,24,7,126.382,HARD,0,45.7,32.0,2.0,60.0,1007.7
Practice 1,22,6,96.509,HARD,0,45.7,32.0,2.0,60.0,1007.7
Practice 1,11,6,128.992,HARD,0,45.7,32.0,2.0,60.0,1007.7
Practice 1,77,7,133.923,MEDIUM,0,45.7,32.0,2.0,60.0,1007.7
Practice 1,81,6,96.89,MEDIUM,0,45.7,32.0,2.0,60.0,1007.7
Practice 1,23,5,135.905,MEDIUM,0,45.7,32.0,2.0,60.0,1007.7
Practice 1,16,6,95.683,HARD,0,45.7,32.0,2.0,60.0,1007.7
Practice 1,27,6,96.642,HARD,0,45.7,32.0,2.0,60.0,1007.7
Practice 1,10,6,128.952,MEDIUM,0,45.7,32.0,2.0,60.0,1007.7
Practice 1,1,6,95.781,HARD,0,45.7,32.0,2.0,60.0,1007.7
Practice 1,20,6,97.089,HARD,0,45.7,32.0,2.0,60.0,1007.7
Practice 1,63,7,168.275,HARD,0,45.7,32.0,2.0,60.0,1007.7
Practice 1,40,7,98.335,HARD,0,45.7,32.0,2.0,60.0,1007.7
Practice 1,55,7,165.968,HARD,0,45.7,32.0,2.0,60.0,1007.7
Practice 1,31,7,164.761,MEDIUM,0,45.7,32.0,2.0,60.0,1007.7
Practice 1,44,6,173.437,HARD,0,45.7,32.0,2.0,60.0,1007.7
Practice 1,2,6,145.972,HARD,0,45.7,32.0,2.0,60.0,1007.7
Practice 1,22,7,159.657,HARD,0,45.7,32.0,2.0,60.0,1007.7
Practice 1,81,7,156.256,MEDIUM,0,45.7,32.0,2.0,60.0,1007.7
Practice 1,4,7,95.692,MEDIUM,0,45.7,32.0,2.0,60.0,1007.7
Practice 1,16,7,157.287,HARD,0,45.7,32.0,2.0,60.0,1007.7
Practice 1,24,8,97.448,HARD,0,45.7,32.0,2.0,60.0,1007.7
Practice 1,27,7,125.671,HARD,0,45.7,32.0,2.0,60.0,1007.7
Practice 1,11,7,96.347,HARD,0,45.7,32.0,2.0,60.0,1007.7
Practice 1,77,8,96.988,MEDIUM,0,45.7,32.0,2.0,60.0,1007.7
Practice 1,1,7,164.95,HARD,0,45.7,32.0,2.0,60.0,1007.7
Practice 1,23,6,96.413,MEDIUM,0,45.7,32.0,2.0,60.0,1007.7
Practice 1,20,7,131.496,HARD,0,45.7,32.0,2.0,60.0,1007.7
Practice 1,40,8,154.198,HARD,0,45.7,32.0,2.0,60.0,1007.7
Practice 1,10,7,96.198,MEDIUM,0,45.7,32.0,2.0,60.0,1007.7
Practice 1,4,8,142.269,MEDIUM,0,45.7,32.0,2.0,60.0,1007.7
Practice 1,24,9,123.393,HARD,0,45.7,32.0,2.0,60.0,1007.7
Practice 1,63,8,95.851,HARD,0,45.7,32.0,2.0,60.0,1007.7
Practice 1,11,8,144.473,HARD,0,45.7,32.0,2.0,60.0,1007.7
Practice 1,44,7,95.571,HARD,0,45.7,32.0,2.0,60.0,1007.7
Practice 1,77,9,123.597,MEDIUM,0,45.7,32.0,2.0,60.0,1007.7
Practice 1,2,7,97.292,HARD,0,45.7,32.0,2.0,60.0,1007.7
Practice 1,55,8,95.593,HARD,0,45.7,32.0,2.0,60.0,1007.7
Practice 1,23,7,137.55,MEDIUM,0,45.7,32.0,2.0,60.0,1007.7
Practice 1,31,8,95.967,MEDIUM,0,45.7,32.0,2.0,60.0,1007.7
Practice 1,22,8,96.064,HARD,0,45.7,32.0,2.0,60.0,1007.7
Practice 1,10,8,127.29,MEDIUM,0,45.7,32.0,2.0,60.0,1007.7
Practice 1,81,8,96.356,MEDIUM,0,45.7,32.0,2.0,60.0,1007.7
Practice 1,16,8,95.829,HARD,0,45.7,32.0,2.0,60.0,1007.7
Practice 1,18,3,839.654,HARD,0,45.7,32.0,2.0,60.0,1007.7
Practice 1,1,8,105.543,HARD,0,45.7,32.0,2.0,60.0,1007.7
Practice 1,40,9,97.115,HARD,0,45.7,32.0,2.0,60.0,1007.7
Practice 1,63,9,184.738,HARD,0,45.7,32.0,2.0,60.0,1007.7
Practice 1,44,8,165.313,HARD,0,45.7,32.0,2.0,60.0,1007.7
Practice 1,2,8,163.677,HARD,0,45.7,32.0,2.0,60.0,1007.7
Practice 1,55,9,138.273,HARD,0,45.7,32.0,2.0,60.0,1007.7
Practice 1,31,9,156.368,MEDIUM,0,45.7,32.0,2.0,60.0,1007.7
Practice 1,4,9,94.776,MEDIUM,0,45.7,32.0,2.0,60.0,1007.7
Practice 1,22,9,135.071,HARD,0,45.7,32.0,2.0,60.0,1007.7
Practice 1,81,9,145.194,MEDIUM,0,45.7,32.0,2.0,60.0,1007.7
Practice 1,16,9,146.8,HARD,0,45.7,32.0,2.0,60.0,1007.7
Practice 1,11,9,95.336,HARD,0,45.7,32.0,2.0,60.0,1007.7
Practice 1,23,8,110.938,MEDIUM,0,45.7,32.0,2.0,60.0,1007.7
Practice 1,18,4,99.982,HARD,0,45.7,32.0,2.0,60.0,1007.7
Practice 1,40,10,145.526,HARD,0,45.7,32.0,2.0,60.0,1007.7
Practice 1,14,7,542.322,HARD,0,45.7,32.0,2.0,60.0,1007.7
Practice 1,4,10,122.074,MEDIUM,0,45.7,32.0,2.0,60.0,1007.7
Practice 1,11,10,119.86,HARD,0,45.7,32.0,2.0,60.0,1007.7
Practice 1,22,10,95.782,HARD,0,45.7,32.0,2.0,60.0,1007.7
Practice 1,18,5,98.087,HARD,0,45.7,32.0,2.0,60.0,1007.7
Practice 1,44,9,106.689,HARD,0,45.7,32.0,2.0,60.0,1007.7
Practice 1,2,9,96.984,HARD,0,45.7,32.0,2.0,60.0,1007.7
Practice 1,31,10,128.932,MEDIUM,0,45.7,32.0,2.0,60.0,1007.7
Practice 1,63,10,134.804,HARD,0,45.7,32.0,2.0,60.0,1007.7
Practice 1,16,10,95.133,HARD,0,45.7,32.0,2.0,60.0,1007.7
Practice 1,40,11,96.336,HARD,0,45.7,32.0,2.0,60.0,1007.7
Practice 1,14,8,99.677,HARD,0,45.7,32.0,2.0,60.0,1007.7
Practice 1,22,11,121.03,HARD,0,45.7,32.0,2.0,60.0,1007.7
Practice 1,18,6,143.858,HARD,0,45.7,32.0,2.0,60.0,1007.7
Practice 1,2,10,112.717,HARD,0,45.7,32.0,2.0,60.0,1007.7
Practice 1,16,11,126.035,HARD,0,45.7,32.0,2.0,60.0,1007.7
Practice 1,31,11,95.291,MEDIUM,0,45.7,32.0,2.0,60.0,1007.7
Practice 1,63,11,95.005,HARD,0,45.7,32.0,2.0,60.0,1007.7
Practice 1,40,12,117.719,HARD,0,45.7,32.0,2.0,60.0,1007.7
Practice 1,14,9,97.35,HARD,0,45.7,32.0,2.0,60.0,1007.7
Practice 1,31,12,119.87,MEDIUM,0,45.7,32.0,2.0,60.0,1007.7
Practice 1,18,7,96.412,HARD,0,45.7,32.0,2.0,60.0,1007.7
Practice 1,63,12,130.896,HARD,0,45.7,32.0,2.0,60.0,1007.7
Practice 1,14,10,138.701,HARD,0,45.7,32.0,2.0,60.0,1007.7
Practice 1,10,9,555.792,MEDIUM,0,45.7,32.0,2.0,60.0,1007.7
Practice 1,18,8,130.925,HARD,0,45.7,32.0,2.0,60.0,1007.7
Practice 1,14,11,95.804,HARD,0,45.7,32.0,2.0,60.0,1007.7
Practice 1,77,10,699.084,MEDIUM,0,45.7,32.0,2.0,60.0,1007.7
Practice 1,10,10,94.98,MEDIUM,0,45.7,32.0,2.0,60.0,1007.7
Practice 1,14,12,120.004,HARD,0,45.7,32.0,2.0,60.0,1007.7
Practice 1,20,8,855.178,HARD,0,45.7,32.0,2.0,60.0,1007.7
Practice 1,18,9,170.115,HARD,0,45.7,32.0,2.0,60.0,1007.7
Practice 1,81,10,640.731,MEDIUM,0,45.7,32.0,2.0,60.0,1007.7
Practice 1,10,11,154.953,MEDIUM,0,45.7,32.0,2.0,60.0,1007.7
Practice 1,77,11,95.49,MEDIUM,0,45.7,32.0,2.0,60.0,1007.7
Practice 1,24,10,850.951,HARD,0,45.7,32.0,2.0,60.0,1007.7
Practice 1,22,12,524.351,HARD,0,45.7,32.0,2.0,60.0,1007.7
Practice 1,55,10,782.742,HARD,0,45.7,32.0,2.0,60.0,1007.7
Practice 1,18,10,96.166,HARD,0,45.7,32.0,2.0,60.0,1007.7
Practice 1,20,9,95.006,HARD,0,45.7,32.0,2.0,60.0,1007.7
Practice 1,27,8,1016.956,HARD,0,45.7,32.0,2.0,60.0,1007.7
Practice 1,81,11,95.695,MEDIUM,0,45.7,32.0,2.0,60.0,1007.7
Practice 1,77,12,125.166,MEDIUM,0,45.7,32.0,2.0,60.0,1007.7
Practice 1,16,12,570.776,HARD,0,45.7,32.0,2.0,60.0,1007.7
Practice 1,40,13,550.13,HARD,0,45.7,32.0,2.0,60.0,1007.7
Practice 1,2,11,604.895,HARD,0,45.7,32.0,2.0,60.0,1007.7
Practice 1,14,13,172.204,HARD,0,45.7,32.0,2.0,60.0,1007.7
Practice 1,11,11,738.147,HARD,0,45.7,32.0,2.0,60.0,1007.7
Practice 1,24,11,95.793,HARD,0,45.7,32.0,2.0,60.0,1007.7
Practice 1,1,9,929.091,HARD,0,45.7,32.0,2.0,60.0,1007.7
Practice 1,4,11,767.65,MEDIUM,0,45.7,32.0,2.0,60.0,1007.7
Practice 1,10,12,161.178,MEDIUM,0,45.7,32.0,2.0,60.0,1007.7
Practice 1,18,11,141.983,HARD,0,45.7,32.0,2.0,60.0,1007.7
Practice 1,22,13,119.747,HARD,0,45.7,32.0,2.0,60.0,1007.7
Practice 1,20,10,168.852,HARD,0,45.7,32.0,2.0,60.0,1007.7
Practice 1,81,12,148.749,MEDIUM,0,45.7,32.0,2.0,60.0,1007.7
Practice 1,63,13,554.835,HARD,0,45.7,32.0,2.0,60.0,1007.7
Practice 1,55,11,169.119,HARD,0,45.7,32.0,2.0,60.0,1007.7
Practice 1,44,10,841.488,HARD,0,45.7,32.0,2.0,60.0,1007.7
Practice 1,27,9,133.05,HARD,0,45.7,32.0,2.0,60.0,1007.7
Practice 1,77,13,127.678,MEDIUM,0,45.7,32.0,2.0,60.0,1007.7
Practice 1,24,12,145.71,HARD,0,45.7,32.0,2.0,60.0,1007.7
Practice 1,14,14,119.051,HARD,0,45.7,32.0,2.0,60.0,1007.7
Practice 1,16,13,141.91,HARD,0,45.7,32.0,2.0,60.0,1007.7
Practice 1,2,12,130.031,HARD,0,45.7,32.0,2.0,60.0,1007.7
Practice 1,40,14,134.096,HARD,0,45.7,32.0,2.0,60.0,1007.7
Practice 1,11,12,131.547,HARD,0,45.7,32.0,2.0,60.0,1007.7
Practice 1,4,12,132.333,MEDIUM,0,45.7,32.0,2.0,60.0,1007.7
Practice 1,1,10,147.255,HARD,0,45.7,32.0,2.0,60.0,1007.7
Practice 1,22,14,146.573,HARD,0,45.7,32.0,2.0,60.0,1007.7
Practice 1,10,13,144.241,MEDIUM,0,45.7,32.0,2.0,60.0,1007.7
Practice 1,18,12,135.739,HARD,0,45.7,32.0,2.0,60.0,1007.7
Practice 1,20,11,147.494,HARD,0,45.7,32.0,2.0,60.0,1007.7
Practice 1,27,10,129.121,HARD,0,45.7,32.0,2.0,60.0,1007.7
Practice 1,77,14,116.835,MEDIUM,0,45.7,32.0,2.0,60.0,1007.7
Practice 1,81,13,166.237,MEDIUM,0,45.7,32.0,2.0,60.0,1007.7
Practice 1,14,15,97.155,HARD,0,45.7,32.0,2.0,60.0,1007.7
Practice 1,63,14,94.065,HARD,0,45.7,32.0,2.0,60.0,1007.7
Practice 1,55,12,93.944,HARD,0,45.7,32.0,2.0,60.0,1007.7
Practice 1,24,13,110.266,HARD,0,45.7,32.0,2.0,60.0,1007.7
Practice 1,44,11,94.155,HARD,0,45.7,32.0,2.0,60.0,1007.7
Practice 1,16,14,152.054,HARD,0,45.7,32.0,2.0,60.0,1007.7
Practice 1,40,15,95.465,HARD,0,45.7,32.0,2.0,60.0,1007.7
Practice 1,11,13,150.199,HARD,0,45.7,32.0,2.0,60.0,1007.7
Practice 1,4,13,93.522,MEDIUM,0,45.7,32.0,2.0,60.0,1007.7
Practice 1,2,13,170.991,HARD,0,45.7,32.0,2.0,60.0,1007.7
Practice 1,1,11,151.084,HARD,0,45.7,32.0,2.0,60.0,1007.7
Practice 1,22,15,149.27,HARD,0,45.7,32.0,2.0,60.0,1007.7
Practice 1,10,14,94.721,MEDIUM,0,45.7,32.0,2.0,60.0,1007.7
Practice 1,31,13,786.515,MEDIUM,0,45.7,32.0,2.0,60.0,1007.7
Practice 1,18,13,113.953,HARD,0,45.7,32.0,2.0,60.0,1007.7
Practice 1,14,16,111.624,HARD,0,45.7,32.0,2.0,60.0,1007.7
Practice 1,63,15,188.122,HARD,0,45.7,32.0,2.0,60.0,1007.7
Practice 1,77,15,95.199,MEDIUM,0,45.7,32.0,2.0,60.0,1007.7
Practice 1,55,13,160.681,HARD,0,45.7,32.0,2.0,60.0,1007.7
Practice 1,27,11,95.088,HARD,0,45.7,32.0,2.0,60.0,1007.7
Practice 1,44,12,196.48,HARD,0,45.7,32.0,2.0,60.0,1007.7
Practice 1,24,14,95.456,HARD,0,45.7,32.0,2.0,60.0,1007.7
Practice 1,20,12,94.887,HARD,0,45.7,32.0,2.0,60.0,1007.7
Practice 1,40,16,156.184,HARD,0,45.7,32.0,2.0,60.0,1007.7
Practice 1,81,14,95.474,MEDIUM,0,45.7,32.0,2.0,60.0,1007.7
Practice 1,4,14,136.866,MEDIUM,0,45.7,32.0,2.0,60.0,1007.7
Practice 1,10,15,138.622,MEDIUM,0,45.7,32.0,2.0,60.0,1007.7
Practice 1,16,15,93.35,HARD,0,45.7,32.0,2.0,60.0,1007.7
Practice 1,11,14,93.807,HARD,0,45.7,32.0,2.0,60.0,1007.7
Practice 1,2,14,95.778,HARD,0,45.7,32.0,2.0,60.0,1007.7
Practice 1,77,16,130.877,MEDIUM,0,45.7,32.0,2.0,60.0,1007.7
Practice 1,27,12,142.498,HARD,0,45.7,32.0,2.0,60.0,1007.7
Practice 1,31,14,94.278,MEDIUM,0,45.7,32.0,2.0,60.0,1007.7
Practice 1,1,12,93.476,HARD,0,45.7,32.0,2.0,60.0,1007.7
Practice 1,24,15,132.202,HARD,0,45.7,32.0,2.0,60.0,1007.7
Practice 1,22,16,94.042,HARD,0,45.7,32.0,2.0,60.0,1007.7
Practice 1,20,13,136.457,HARD,0,45.7,32.0,2.0,60.0,1007.7
Practice 1,81,15,129.307,MEDIUM,0,45.7,32.0,2.0,60.0,1007.7
Practice 1,16,16,175.812,HARD,0,45.7,32.0,2.0,60.0,1007.7
Practice 1,4,15,106.99,MEDIUM,0,45.7,32.0,2.0,60.0,1007.7
Practice 1,11,15,174.77,HARD,0,45.7,32.0,2.0,60.0,1007.7
Practice 1,40,17,153.323,HARD,0,45.7,32.0,2.0,60.0,1007.7
Practice 1,55,14,169.641,HARD,0,45.7,32.0,2.0,60.0,1007.7
Practice 1,2,15,122.103,HARD,0,45.7,32.0,2.0,60.0,1007.7
Practice 1,31,15,162.771,MEDIUM,0,45.7,32.0,2.0,60.0,1007.7
Practice 1,63,16,178.16,HARD,0,45.7,32.0,2.0,60.0,1007.7
Practice 1,10,16,134.74,MEDIUM,0,45.7,32.0,2.0,60.0,1007.7
Practice 1,1,13,116.788,HARD,0,45.7,32.0,2.0,60.0,1007.7
Practice 1,22,17,138.723,HARD,0,45.7,32.0,2.0,60.0,1007.7
Practice 1,44,13,191.217,HARD,0,45.7,32.0,2.0,60.0,1007.7
Practice 1,27,13,94.985,HARD,0,45.7,32.0,2.0,60.0,1007.7
Practice 1,24,16,96.163,HARD,0,45.7,32.0,2.0,60.0,1007.7
Practice 1,23,9,1438.117,MEDIUM,0,45.7,32.0,2.0,60.0,1007.7
Practice 1,55,15,138.278,HARD,0,45.7,32.0,2.0,60.0,1007.7
Practice 1,40,18,94.894,HARD,0,45.7,32.0,2.0,60.0,1007.7
Practice 1,27,14,115.949,HARD,0,45.7,32.0,2.0,60.0,1007.7
Practice 1,10,17,94.639,MEDIUM,0,45.7,32.0,2.0,60.0,1007.7
Practice 1,24,17,124.491,HARD,0,45.7,32.0,2.0,60.0,1007.7
Practice 1,11,16,160.241,HARD,0,45.7,32.0,2.0,60.0,1007.7
Practice 1,63,17,93.695,HARD,0,45.7,32.0,2.0,60.0,1007.7
Practice 1,31,16,152.72,MEDIUM,0,45.7,32.0,2.0,60.0,1007.7
Practice 1,18,14,404.407,HARD,0,45.7,32.0,2.0,60.0,1007.7
Practice 1,16,17,180.195,HARD,0,45.7,32.0,2.0,60.0,1007.7
Practice 1,14,17,402.179,HARD,0,45.7,32.0,2.0,60.0,1007.7
Practice 1,44,14,93.54,HARD,0,45.7,32.0,2.0,60.0,1007.7
Practice 1,23,10,95.385,MEDIUM,0,45.7,32.0,2.0,60.0,1007.7
Practice 1,40,19,115.746,HARD,0,45.7,32.0,2.0,60.0,1007.7
Practice 1,10,18,114.924,MEDIUM,0,45.7,32.0,2.0,60.0,1007.7
Practice 1,63,18,129.085,HARD,0,45.7,32.0,2.0,60.0,1007.7
Practice 1,55,16,93.428,HARD,0,45.7,32.0,2.0,60.0,1007.7
Practice 1,44,15,123.328,HARD,0,45.7,32.0,2.0,60.0,1007.7
Practice 1,18,15,94.751,HARD,0,45.7,32.0,2.0,60.0,1007.7
Practice 1,14,18,94.239,HARD,0,45.7,32.0,2.0,60.0,1007.7
Practice 1,23,11,151.504,MEDIUM,0,45.7,32.0,2.0,60.0,1007.7
Practice 1,11,17,93.725,HARD,0,45.7,32.0,2.0,60.0,1007.7
Practice 1,31,17,94.066,MEDIUM,0,45.7,32.0,2.0,60.0,1007.7
Practice 1,16,18,93.455,HARD,0,45.7,32.0,2.0,60.0,1007.7
Practice 1,55,17,115.923,HARD,0,45.7,32.0,2.0,60.0,1007.7
Practice 1,20,14,431.56,HARD,0,45.7,32.0,2.0,60.0,1007.7
Practice 1,18,16,150.583,HARD,0,45.7,32.0,2.0,60.0,1007.7
Practice 1,14,19,139.026,HARD,0,45.7,32.0,2.0,60.0,1007.7
Practice 1,11,18,131.376,HARD,0,45.7,32.0,2.0,60.0,1007.7
Practice 1,31,18,132.553,MEDIUM,0,45.7,32.0,2.0,60.0,1007.7
Practice 1,16,19,163.689,HARD,0,45.7,32.0,2.0,60.0,1007.7
Practice 1,77,17,524.444,MEDIUM,0,45.7,32.0,2.0,60.0,1007.7
Practice 1,23,12,154.905,MEDIUM,0,45.7,32.0,2.0,60.0,1007.7
Practice 1,20,15,99.416,HARD,0,45.7,32.0,2.0,60.0,1007.7
Practice 1,1,14,495.238,HARD,0,45.7,32.0,2.0,60.0,1007.7
Practice 1,14,20,93.974,HARD,0,45.7,32.0,2.0,60.0,1007.7
Practice 1,4,16,574.053,MEDIUM,0,45.7,32.0,2.0,60.0,1007.7
Practice 1,18,17,125.947,HARD,0,45.7,32.0,2.0,60.0,1007.7
Practice 1,77,18,94.802,MEDIUM,0,45.7,32.0,2.0,60.0,1007.7
Practice 1,2,16,568.627,HARD,0,45.7,32.0,2.0,60.0,1007.7
Practice 1,27,15,428.235,HARD,0,45.7,32.0,2.0,60.0,1007.7
Practice 1,16,20,118.684,HARD,0,45.7,32.0,2.0,60.0,1007.7
Practice 1,24,18,431.273,HARD,0,45.7,32.0,2.0,60.0,1007.7
Practice 1,20,16,100.24,HARD,0,45.7,32.0,2.0,60.0,1007.7
Practice 1,23,13,94.657,MEDIUM,0,45.7,32.0,2.0,60.0,1007.7
Practice 1,1,15,99.955,HARD,0,45.7,32.0,2.0,60.0,1007.7
Practice 1,14,21,118.242,HARD,0,45.7,32.0,2.0,60.0,1007.7
Practice 1,22,18,607.1,HARD,0,45.7,32.0,2.0,60.0,1007.7
Practice 1,77,19,131.829,MEDIUM,0,45.7,32.0,2.0,60.0,1007.7
Practice 1,40,20,423.335,HARD,0,45.7,32.0,2.0,60.0,1007.7
Practice 1,4,17,97.839,MEDIUM,0,45.7,32.0,2.0,60.0,1007.7
Practice 1,18,18,94.568,HARD,0,45.7,32.0,2.0,60.0,1007.7
Practice 1,2,17,99.81,HARD,0,45.7,32.0,2.0,60.0,1007.7
Practice 1,27,16,99.189,HARD,0,45.7,32.0,2.0,60.0,1007.7
Practice 1,20,17,99.779,HARD,0,45.7,32.0,2.0,60.0,1007.7
Practice 1,24,19,100.71,HARD,0,45.7,32.0,2.0,60.0,1007.7
Practice 1,23,14,134.786,MEDIUM,0,45.7,32.0,2.0,60.0,1007.7
Practice 1,55,18,337.002,HARD,0,45.7,32.0,2.0,60.0,1007.7
Practice 1,1,16,99.44,HARD,0,45.7,32.0,2.0,60.0,1007.7
Practice 1,63,19,486.029,HARD,0,45.7,32.0,2.0,60.0,1007.7
Practice 1,14,22,97.823,HARD,0,45.7,32.0,2.0,60.0,1007.7
Practice 1,4,18,97.986,MEDIUM,0,45.7,32.0,2.0,60.0,1007.7
Practice 1,22,19,99.394,HARD,0,45.7,32.0,2.0,60.0,1007.7
Practice 1,81,16,824.728,MEDIUM,0,45.7,32.0,2.0,60.0,1007.7
Practice 1,18,19,112.59,HARD,0,45.7,32.0,2.0,60.0,1007.7
Practice 1,40,21,100.098,HARD,0,45.7,32.0,2.0,60.0,1007.7
Practice 1,77,20,96.741,MEDIUM,0,45.7,32.0,2.0,60.0,1007.7
Practice 1,2,18,100.054,HARD,0,45.7,32.0,2.0,60.0,1007.7
Practice 1,27,17,100.133,HARD,0,45.7,32.0,2.0,60.0,1007.7
Practice 1,20,18,99.585,HARD,0,45.7,32.0,2.0,60.0,1007.7
Practice 1,24,20,100.774,HARD,0,45.7,32.0,2.0,60.0,1007.7
Practice 1,44,16,514.116,HARD,0,45.7,32.0,2.0,60.0,1007.7
Practice 1,55,19,98.396,HARD,0,45.7,32.0,2.0,60.0,1007.7
Practice 1,1,17,99.239,HARD,0,45.7,32.0,2.0,60.0,1007.7
Practice 1,14,23,97.391,HARD,0,45.7,32.0,2.0,60.0,1007.7
Practice 1,4,19,98.104,MEDIUM,0,45.7,32.0,2.0,60.0,1007.7
Practice 1,22,20,99.827,HARD,0,45.7,32.0,2.0,60.0,1007.7
Practice 1,63,20,100.405,HARD,0,45.7,32.0,2.0,60.0,1007.7
Practice 1,40,22,100.841,HARD,0,45.7,32.0,2.0,60.0,1007.7
Practice 1,77,21,149.201,MEDIUM,0,45.7,32.0,2.0,60.0,1007.7
Practice 1,10,19,653.289,MEDIUM,0,45.7,32.0,2.0,60.0,1007.7
Practice 1,18,20,98.745,HARD,0,45.7,32.0,2.0,60.0,1007.7
Practice 1,2,19,101.414,HARD,0,45.7,32.0,2.0,60.0,1007.7
Practice 1,81,17,100.269,MEDIUM,0,45.7,32.0,2.0,60.0,1007.7
Practice 1,27,18,100.157,HARD,0,45.7,32.0,2.0,60.0,1007.7
Practice 1,31,19,440.865,MEDIUM,0,45.7,32.0,2.0,60.0,1007.7
Practice 1,20,19,101.162,HARD,0,45.7,32.0,2.0,60.0,1007.7
Practice 1,23,15,157.51,MEDIUM,0,45.7,32.0,2.0,60.0,1007.7
Practice 1,16,21,308.52,HARD,0,45.7,32.0,2.0,60.0,1007.7
Practice 1,24,21,107.155,HARD,0,45.7,32.0,2.0,60.0,1007.7
Practice 1,55,20,102.986,HARD,0,45.7,32.0,2.0,60.0,1007.7
Practice 1,1,18,108.517,HARD,0,45.7,32.0,2.0,60.0,1007.7
Practice 1,44,17,100.43,HARD,0,45.7,32.0,2.0,60.0,1007.7
Practice 1,14,24,99.244,HARD,0,45.7,32.0,2.0,60.0,1007.7
Practice 1,4,20,100.733,MEDIUM,0,45.7,32.0,2.0,60.0,1007.7
Practice 1,22,21,100.832,HARD,0,45.7,32.0,2.0,60.0,1007.7
Practice 1,63,21,100.345,HARD,0,45.7,32.0,2.0,60.0,1007.7
Practice 1,11,19,557.391,HARD,0,45.7,32.0,2.0,60.0,1007.7
Practice 1,40,23,100.187,HARD,0,45.7,32.0,2.0,60.0,1007.7
Practice 1,18,21,97.657,HARD,0,45.7,32.0,2.0,60.0,1007.7
Practice 1,2,20,100.14,HARD,0,45.7,32.0,2.0,60.0,1007.7
Practice 1,81,18,99.27,MEDIUM,0,45.7,32.0,2.0,60.0,1007.7
Practice 1,27,19,100.094,HARD,0,45.7,32.0,2.0,60.0,1007.7
Practice 1,31,20,99.016,MEDIUM,0,45.7,32.0,2.0,60.0,1007.7
Practice 1,20,20,99.912,HARD,0,45.7,32.0,2.0,60.0,1007.7
Practice 1,23,16,98.384,MEDIUM,0,45.7,32.0,2.0,60.0,1007.7
Practice 1,10,20,98.447,MEDIUM,0,45.7,32.0,2.0,60.0,1007.7
Practice 1,24,22,100.806,HARD,0,45.7,32.0,2.0,60.0,1007.7
Practice 1,16,22,98.639,HARD,0,45.7,32.0,2.0,60.0,1007.7
Practice 1,55,21,98.686,HARD,0,45.7,32.0,2.0,60.0,1007.7
Practice 1,77,22,95.722,MEDIUM,0,45.7,32.0,2.0,60.0,1007.7
Practice 1,1,19,99.028,HARD,0,45.7,32.0,2.0,60.0,1007.7
Practice 1,44,18,99.124,HARD,0,45.7,32.0,2.0,60.0,1007.7
Practice 1,14,25,97.544,HARD,0,45.7,32.0,2.0,60.0,1007.7
Practice 1,4,21,98.086,MEDIUM,0,45.7,32.0,2.0,60.0,1007.7
Practice 1,22,22,99.438,HARD,0,45.7,32.0,2.0,60.0,1007.7
Practice 1,63,22,99.407,HARD,0,45.7,32.0,2.0,60.0,1007.7
Practice 1,40,24,100.047,HARD,0,45.7,32.0,2.0,60.0,1007.7
Practice 1,18,22,99.233,HARD,0,45.7,32.0,2.0,60.0,1007.7
Practice 1,2,21,102.489,HARD,0,45.7,32.0,2.0,60.0,1007.7
Practice 1,81,19,99.069,MEDIUM,0,45.7,32.0,2.0,60.0,1007.7
Practice 1,27,20,104.0,HARD,0,45.7,32.0,2.0,60.0,1007.7
Practice 1,31,21,99.809,MEDIUM,0,45.7,32.0,2.0,60.0,1007.7
Practice 1,20,21,101.164,HARD,0,45.7,32.0,2.0,60.0,1007.7
Practice 1,11,20,99.044,HARD,0,45.7,32.0,2.0,60.0,1007.7
Practice 1,23,17,98.983,MEDIUM,0,45.7,32.0,2.0,60.0,1007.7
Practice 1,10,21,98.748,MEDIUM,0,45.7,32.0,2.0,60.0,1007.7
Practice 1,24,23,102.206,HARD,0,45.7,32.0,2.0,60.0,1007.7
Practice 1,16,23,97.417,HARD,0,45.7,32.0,2.0,60.0,1007.7
Practice 1,55,22,98.512,HARD,0,45.7,32.0,2.0,60.0,1007.7
Practice 1,77,23,114.516,MEDIUM,0,45.7,32.0,2.0,60.0,1007.7
Practice 1,1,20,99.256,HARD,0,45.7,32.0,2.0,60.0,1007.7
Practice 1,44,19,98.864,HARD,0,45.7,32.0,2.0,60.0,1007.7
Practice 1,14,26,97.383,HARD,0,45.7,32.0,2.0,60.0,1007.7
Practice 1,4,22,99.06,MEDIUM,0,45.7,32.0,2.0,60.0,1007.7
Practice 1,22,23,102.472,HARD,0,45.7,32.0,2.0,60.0,1007.7
Practice 1,63,23,99.036,HARD,0,45.7,32.0,2.0,60.0,1007.7
Practice 1,40,25,99.515,HARD,0,45.7,32.0,2.0,60.0,1007.7
Practice 1,18,23,99.382,HARD,0,45.7,32.0,2.0,60.0,1007.7
Practice 1,81,20,99.54,MEDIUM,0,45.7,32.0,2.0,60.0,1007.7
Practice 1,2,22,100.709,HARD,0,45.7,32.0,2.0,60.0,1007.7
Practice 1,31,22,100.836,MEDIUM,0,45.7,32.0,2.0,60.0,1007.7
Practice 1,27,21,107.981,HARD,0,45.7,32.0,2.0,60.0,1007.7
Practice 1,20,22,110.711,HARD,0,45.7,32.0,2.0,60.0,1007.7
Practice 1,11,21,132.487,HARD,0,45.7,32.0,2.0,60.0,1007.7
Practice 1,23,18,135.761,MEDIUM,0,45.7,32.0,2.0,60.0,1007.7
Practice 1,10,22,138.597,MEDIUM,0,45.7,32.0,2.0,60.0,1007.7
Practice 1,16,24,141.548,HARD,0,45.7,32.0,2.0,60.0,1007.7
Practice 1,24,24,142.562,HARD,0,45.7,32.0,2.0,60.0,1007.7
Practice 1,55,23,136.889,HARD,0,45.7,32.0,2.0,60.0,1007.7
Practice 1,1,21,132.724,HARD,0,45.7,32.0,2.0,60.0,1007.7
Practice 1,44,20,135.332,HARD,0,45.7,32.0,2.0,60.0,1007.7
Practice 1,77,24,132.511,MEDIUM,0,45.7,32.0,2.0,60.0,1007.7
Practice 1,14,27,130.097,HARD,0,45.7,32.0,2.0,60.0,1007.7
Practice 1,4,23,125.422,MEDIUM,0,45.7,32.0,2.0,60.0,1007.7
Practice 1,22,24,121.758,HARD,0,45.7,32.0,2.0,60.0,1007.7
Practice 1,63,24,147.294,HARD,0,45.7,32.0,2.0,60.0,1007.7
Practice 1,40,26,151.559,HARD,0,45.7,32.0,2.0,60.0,1007.7
Practice 1,18,24,154.319,HARD,0,45.7,32.0,2.0,60.0,1007.7
Practice 1,81,21,138.598,MEDIUM,0,45.7,32.0,2.0,60.0,1007.7
Practice 1,2,23,148.542,HARD,0,45.7,32.0,2.0,60.0,1007.7
Practice 1,31,23,140.571,MEDIUM,0,45.7,32.0,2.0,60.0,1007.7
Practice 1,27,22,137.127,HARD,0,45.7,32.0,2.0,60.0,1007.7
Practice 1,20,23,152.449,HARD,0,45.7,32.0,2.0,60.0,1007.7
Practice 1,11,22,144.904,HARD,0,45.7,32.0,2.0,60.0,1007.7
Practice 1,23,19,144.9,MEDIUM,0,45.7,32.0,2.0,60.0,1007.7
Practice 1,10,23,139.066,MEDIUM,0,45.7,32.0,2.0,60.0,1007.7
Practice 1,16,25,139.881,HARD,0,45.7,32.0,2.0,60.0,1007.7
Practice 1,55,24,151.371,HARD,0,45.7,32.0,2.0,60.0,1007.7
Practice 1,24,25,145.993,HARD,0,45.7,32.0,2.0,60.0,1007.7
Practice 1,1,22,155.445,HARD,0,45.7,32.0,2.0,60.0,1007.7
Practice 1,77,25,143.997,MEDIUM,0,45.7,32.0,2.0,60.0,1007.7
Practice 1,44,21,145.135,HARD,0,45.7,32.0,2.0,60.0,1007.7
Practice 1,14,28,154.144,HARD,0,45.7,32.0,2.0,60.0,1007.7
Practice 1,4,24,156.733,MEDIUM,0,45.7,32.0,2.0,60.0,1007.7
Practice 1,22,25,135.052,HARD,0,45.7,32.0,2.0,60.0,1007.7
Practice 1,63,25,152.351,HARD,0,45.7,32.0,2.0,60.0,1007.7
Practice 1,81,22,159.84,MEDIUM,0,45.7,32.0,2.0,60.0,1007.7
Practice 1,40,27,159.83,HARD,0,45.7,32.0,2.0,60.0,1007.7
Practice 1,18,25,163.743,HARD,0,45.7,32.0,2.0,60.0,1007.7
Practice 1,31,24,135.111,MEDIUM,0,45.7,32.0,2.0,60.0,1007.7
Practice 1,2,24,160.973,HARD,0,45.7,32.0,2.0,60.0,1007.7
Practice 2,2,1,,MEDIUM,0,37.2,29.8,1.3,72.0,1010.0
Practice 2,40,1,,MEDIUM,0,37.2,29.8,1.3,72.0,1010.0
Practice 2,63,1,,MEDIUM,0,37.2,29.8,1.3,72.0,1010.0
Practice 2,27,1,,MEDIUM,0,37.2,29.8,1.3,72.0,1010.0
Practice 2,18,1,,MEDIUM,0,37.2,29.8,1.3,72.0,1010.0
Practice 2,23,1,,HARD,0,37.2,29.8,1.3,72.0,1010.0
Practice 2,77,1,,HARD,0,37.2,29.8,1.3,72.0,1010.0
Practice 2,14,1,,MEDIUM,0,37.2,29.8,1.3,72.0,1010.0
Practice 2,24,1,,MEDIUM,0,37.2,29.8,1.3,72.0,1010.0
Practice 2,4,1,,HARD,0,37.2,29.8,1.3,72.0,1010.0
Practice 2,31,1,,HARD,0,37.2,29.8,1.3,72.0,1010.0
Practice 2,44,1,,MEDIUM,0,37.2,29.8,1.3,72.0,1010.0
Practice 2,22,1,,MEDIUM,0,37.2,29.8,1.3,72.0,1010.0
Practice 2,11,1,,MEDIUM,0,37.2,29.8,1.3,72.0,1010.0
Practice 2,55,1,,MEDIUM,0,37.2,29.8,1.3,72.0,1010.0
Practice 2,20,1,,MEDIUM,0,37.2,29.8,1.3,72.0,1010.0
Practice 2,10,1,,HARD,0,37.2,29.8,1.3,72.0,1010.0
Practice 2,81,1,,MEDIUM,0,37.2,29.8,1.3,72.0,1010.0
Practice 2,16,1,,MEDIUM,0,37.2,29.8,1.3,72.0,1010.0
Practice 2,1,1,,MEDIUM,0,37.2,29.8,1.3,72.0,1010.0
Practice 2,2,2,96.897,MEDIUM,0,37.2,29.8,1.3,72.0,1010.0
Practice 2,27,2,95.775,MEDIUM,0,37.2,29.8,1.3,72.0,1010.0
Practice 2,40,2,95.516,MEDIUM,0,37.2,29.8,1.3,72.0,1010.0
Practice 2,18,2,95.928,MEDIUM,0,37.2,29.8,1.3,72.0,1010.0
Practice 2,63,2,95.424,MEDIUM,0,37.2,29.8,1.3,72.0,1010.0
Practice 2,23,2,96.68,HARD,0,37.2,29.8,1.3,72.0,1010.0
Practice 2,14,2,95.35,MEDIUM,0,37.2,29.8,1.3,72.0,1010.0
Practice 2,77,2,95.983,HARD,0,37.2,29.8,1.3,72.0,1010.0
Practice 2,31,2,96.533,HARD,0,37.2,29.8,1.3,72.0,1010.0
Practice 2,24,2,97.64,MEDIUM,0,37.2,29.8,1.3,72.0,1010.0
Practice 2,4,2,95.592,HARD,0,37.2,29.8,1.3,72.0,1010.0
Practice 2,22,2,95.597,MEDIUM,0,37.2,29.8,1.3,72.0,1010.0
Practice 2,11,2,95.107,MEDIUM,0,37.2,29.8,1.3,72.0,1010.0
Practice 2,55,2,94.15,MEDIUM,0,37.2,29.8,1.3,72.0,1010.0
Practice 2,10,2,96.606,HARD,0,37.2,29.8,1.3,72.0,1010.0
Practice 2,1,2,95.066,MEDIUM,0,37.2,29.8,1.3,72.0,1010.0
Practice 2,16,2,94.5,MEDIUM,0,37.2,29.8,1.3,72.0,1010.0
Practice 2,20,2,95.445,MEDIUM,0,37.2,29.8,1.3,72.0,1010.0
Practice 2,2,3,130.64,MEDIUM,0,37.2,29.8,1.3,72.0,1010.0
Practice 2,27,3,154.087,MEDIUM,0,37.2,29.8,1.3,72.0,1010.0
Practice 2,44,2,94.762,MEDIUM,0,37.2,29.8,1.3,72.0,1010.0
Practice 2,40,3,155.058,MEDIUM,0,37.2,29.8,1.3,72.0,1010.0
Practice 2,81,2,95.771,MEDIUM,0,37.2,29.8,1.3,72.0,1010.0
Practice 2,18,3,134.258,MEDIUM,0,37.2,29.8,1.3,72.0,1010.0
Practice 2,63,3,171.376,MEDIUM,0,37.2,29.8,1.3,72.0,1010.0
Practice 2,23,3,143.573,HARD,0,37.2,29.8,1.3,72.0,1010.0
Practice 2,14,3,152.918,MEDIUM,0,37.2,29.8,1.3,72.0,1010.0
Practice 2,77,3,123.595,HARD,0,37.2,29.8,1.3,72.0,1010.0
Practice 2,31,3,157.944,HARD,0,37.2,29.8,1.3,72.0,1010.0
Practice 2,24,3,144.774,MEDIUM,0,37.2,29.8,1.3,72.0,1010.0
Practice 2,4,3,152.656,HARD,0,37.2,29.8,1.3,72.0,1010.0
Practice 2,22,3,152.016,MEDIUM,0,37.2,29.8,1.3,72.0,1010.0
Practice 2,11,3,154.934,MEDIUM,0,37.2,29.8,1.3,72.0,1010.0
Practice 2,55,3,168.542,MEDIUM,0,37.2,29.8,1.3,72.0,1010.0
Practice 2,10,3,150.362,HARD,0,37.2,29.8,1.3,72.0,1010.0
Practice 2,1,3,180.45,MEDIUM,0,37.2,29.8,1.3,72.0,1010.0
Practice 2,16,3,163.309,MEDIUM,0,37.2,29.8,1.3,72.0,1010.0
Practice 2,20,3,179.133,MEDIUM,0,37.2,29.8,1.3,72.0,1010.0
Practice 2,44,3,188.681,MEDIUM,0,37.2,29.8,1.3,72.0,1010.0
Practice 2,81,3,170.081,MEDIUM,0,37.2,29.8,1.3,72.0,1010.0
Practice 2,2,4,94.924,MEDIUM,0,37.2,29.8,1.3,72.0,1010.0
Practice 2,18,4,94.727,MEDIUM,0,37.2,29.8,1.3,72.0,1010.0
Practice 2,27,4,94.853,MEDIUM,0,37.2,29.8,1.3,72.0,1010.0
Practice 2,77,4,95.613,HARD,0,37.2,29.8,1.3,72.0,1010.0
Practice 2,40,4,131.909,MEDIUM,0,37.2,29.8,1.3,72.0,1010.0
Practice 2,23,4,95.558,HARD,0,37.2,29.8,1.3,72.0,1010.0
Practice 2,14,4,93.964,MEDIUM,0,37.2,29.8,1.3,72.0,1010.0
Practice 2,63,4,94.522,MEDIUM,0,37.2,29.8,1.3,72.0,1010.0
Practice 2,24,4,95.904,MEDIUM,0,37.2,29.8,1.3,72.0,1010.0
Practice 2,31,4,95.582,HARD,0,37.2,29.8,1.3,72.0,1010.0
Practice 2,4,4,94.54,HARD,0,37.2,29.8,1.3,72.0,1010.0
Practice 2,22,4,136.542,MEDIUM,0,37.2,29.8,1.3,72.0,1010.0
Practice 2,11,4,94.028,MEDIUM,0,37.2,29.8,1.3,72.0,1010.0
Practice 2,2,5,136.096,MEDIUM,0,37.2,29.8,1.3,72.0,1010.0
Practice 2,10,4,95.226,HARD,0,37.2,29.8,1.3,72.0,1010.0
Practice 2,55,4,93.303,MEDIUM,0,37.2,29.8,1.3,72.0,1010.0
Practice 2,18,5,162.841,MEDIUM,0,37.2,29.8,1.3,72.0,1010.0
Practice 2,16,4,93.794,MEDIUM,0,37.2,29.8,1.3,72.0,1010.0
Practice 2,27,5,126.759,MEDIUM,0,37.2,29.8,1.3,72.0,1010.0
Practice 2,77,5,126.027,HARD,0,37.2,29.8,1.3,72.0,1010.0
Practice 2,1,4,94.201,MEDIUM,0,37.2,29.8,1.3,72.0,1010.0
Practice 2,23,5,150.544,HARD,0,37.2,29.8,1.3,72.0,1010.0
Practice 2,20,4,95.028,MEDIUM,0,37.2,29.8,1.3,72.0,1010.0
Practice 2,81,4,95.204,MEDIUM,0,37.2,29.8,1.3,72.0,1010.0
Practice 2,14,5,156.03,MEDIUM,0,37.2,29.8,1.3,72.0,1010.0
Practice 2,63,5,155.853,MEDIUM,0,37.2,29.8,1.3,72.0,1010.0
Practice 2,24,5,134.082,MEDIUM,0,37.2,29.8,1.3,72.0,1010.0
Practice 2,40,5,107.263,MEDIUM,0,37.2,29.8,1.3,72.0,1010.0
Practice 2,31,5,153.051,HARD,0,37.2,29.8,1.3,72.0,1010.0
Practice 2,4,5,141.432,HARD,0,37.2,29.8,1.3,72.0,1010.0
Practice 2,44,4,173.914,MEDIUM,0,37.2,29.8,1.3,72.0,1010.0
Practice 2,11,5,168.147,MEDIUM,0,37.2,29.8,1.3,72.0,1010.0
Practice 2,10,5,167.509,HARD,0,37.2,29.8,1.3,72.0,1010.0
Practice 2,55,5,182.521,MEDIUM,0,37.2,29.8,1.3,72.0,1010.0
Practice 2,16,5,178.063,MEDIUM,0,37.2,29.8,1.3,72.0,1010.0
Practice 2,22,5,94.394,MEDIUM,0,37.2,29.8,1.3,72.0,1010.0
Practice 2,1,5,178.774,MEDIUM,0,37.2,29.8,1.3,72.0,1010.0
Practice 2,20,5,196.09,MEDIUM,0,37.2,29.8,1.3,72.0,1010.0
Practice 2,81,5,163.079,MEDIUM,0,37.2,29.8,1.3,72.0,1010.0
Practice 2,77,6,94.715,HARD,0,37.2,29.8,1.3,72.0,1010.0
Practice 2,2,6,170.329,MEDIUM,0,37.2,29.8,1.3,72.0,1010.0
Practice 2,27,6,150.857,MEDIUM,0,37.2,29.8,1.3,72.0,1010.0
Practice 2,40,6,147.869,MEDIUM,0,37.2,29.8,1.3,72.0,1010.0
Practice 2,18,6,94.638,MEDIUM,0,37.2,29.8,1.3,72.0,1010.0
Practice 2,24,6,99.796,MEDIUM,0,37.2,29.8,1.3,72.0,1010.0
Practice 2,14,6,93.789,MEDIUM,0,37.2,29.8,1.3,72.0,1010.0
Practice 2,63,6,134.692,MEDIUM,0,37.2,29.8,1.3,72.0,1010.0
Practice 2,22,6,156.484,MEDIUM,0,37.2,29.8,1.3,72.0,1010.0
Practice 2,31,6,94.8,HARD,0,37.2,29.8,1.3,72.0,1010.0
Practice 2,44,5,94.061,MEDIUM,0,37.2,29.8,1.3,72.0,1010.0
Practice 2,77,7,121.995,HARD,0,37.2,29.8,1.3,72.0,1010.0
Practice 2,11,6,123.654,MEDIUM,0,37.2,29.8,1.3,72.0,1010.0
Practice 2,10,6,94.733,HARD,0,37.2,29.8,1.3,72.0,1010.0
Practice 2,18,7,114.693,MEDIUM,0,37.2,29.8,1.3,72.0,1010.0
Practice 2,55,6,93.213,MEDIUM,0,37.2,29.8,1.3,72.0,1010.0
Practice 2,16,6,110.715,MEDIUM,0,37.2,29.8,1.3,72.0,1010.0
Practice 2,24,7,140.733,MEDIUM,0,37.2,29.8,1.3,72.0,1010.0
Practice 2,14,7,143.756,MEDIUM,0,37.2,29.8,1.3,72.0,1010.0
Practice 2,2,7,95.638,MEDIUM,0,37.2,29.8,1.3,72.0,1010.0
Practice 2,81,6,94.952,MEDIUM,0,37.2,29.8,1.3,72.0,1010.0
Practice 2,1,6,138.906,MEDIUM,0,37.2,29.8,1.3,72.0,1010.0
Practice 2,31,7,137.25,HARD,0,37.2,29.8,1.3,72.0,1010.0
Practice 2,40,7,94.106,MEDIUM,0,37.2,29.8,1.3,72.0,1010.0
Practice 2,44,6,131.634,MEDIUM,0,37.2,29.8,1.3,72.0,1010.0
Practice 2,20,6,95.252,MEDIUM,0,37.2,29.8,1.3,72.0,1010.0
Practice 2,63,7,93.829,MEDIUM,0,37.2,29.8,1.3,72.0,1010.0
Practice 2,10,7,167.267,HARD,0,37.2,29.8,1.3,72.0,1010.0
Practice 2,22,7,127.696,MEDIUM,0,37.2,29.8,1.3,72.0,1010.0
Practice 2,11,7,153.097,MEDIUM,0,37.2,29.8,1.3,72.0,1010.0
Practice 2,55,7,129.483,MEDIUM,0,37.2,29.8,1.3,72.0,1010.0
Practice 2,2,8,123.551,MEDIUM,0,37.2,29.8,1.3,72.0,1010.0
Practice 2,81,7,124.245,MEDIUM,0,37.2,29.8,1.3,72.0,1010.0
Practice 2,40,8,126.893,MEDIUM,0,37.2,29.8,1.3,72.0,1010.0
Practice 2,16,7,161.477,MEDIUM,0,37.2,29.8,1.3,72.0,1010.0
Practice 2,20,7,122.378,MEDIUM,0,37.2,29.8,1.3,72.0,1010.0
Practice 2,24,8,95.15,MEDIUM,0,37.2,29.8,1.3,72.0,1010.0
Practice 2,63,8,125.044,MEDIUM,0,37.2,29.8,1.3,72.0,1010.0
Practice 2,1,7,110.085,MEDIUM,0,37.2,29.8,1.3,72.0,1010.0
Practice 2,22,8,93.483,MEDIUM,0,37.2,29.8,1.3,72.0,1010.0
Practice 2,10,8,94.99,HARD,0,37.2,29.8,1.3,72.0,1010.0
Practice 2,11,8,93.85,MEDIUM,0,37.2,29.8,1.3,72.0,1010.0
Practice 2,24,9,116.388,MEDIUM,0,37.2,29.8,1.3,72.0,1010.0
Practice 2,16,8,92.974,MEDIUM,0,37.2,29.8,1.3,72.0,1010.0
Practice 2,22,9,116.646,MEDIUM,0,37.2,29.8,1.3,72.0,1010.0
Practice 2,10,9,118.093,HARD,0,37.2,29.8,1.3,72.0,1010.0
Practice 2,11,9,118.328,MEDIUM,0,37.2,29.8,1.3,72.0,1010.0
Practice 2,16,9,121.437,MEDIUM,0,37.2,29.8,1.3,72.0,1010.0
Practice 2,2,9,557.056,MEDIUM,0,37.2,29.8,1.3,72.0,1010.0
Practice 2,55,8,579.446,MEDIUM,0,37.2,29.8,1.3,72.0,1010.0
Practice 2,16,10,323.91,MEDIUM,0,37.2,29.8,1.3,72.0,1010.0
Practice 2,14,8,671.915,MEDIUM,0,37.2,29.8,1.3,72.0,1010.0
Practice 2,77,8,748.306,HARD,0,37.2,29.8,1.3,72.0,1010.0
Practice 2,4,6,910.25,HARD,0,37.2,29.8,1.3,72.0,1010.0
Practice 2,18,8,744.406,MEDIUM,0,37.2,29.8,1.3,72.0,1010.0
Practice 2,40,9,598.757,MEDIUM,0,37.2,29.8,1.3,72.0,1010.0
Practice 2,44,7,720.341,MEDIUM,0,37.2,29.8,1.3,72.0,1010.0
Practice 2,22,10,454.871,MEDIUM,0,37.2,29.8,1.3,72.0,1010.0
Practice 2,20,8,638.65,MEDIUM,0,37.2,29.8,1.3,72.0,1010.0
Practice 2,10,10,457.404,HARD,0,37.2,29.8,1.3,72.0,1010.0
Practice 2,2,10,94.973,MEDIUM,0,37.2,29.8,1.3,72.0,1010.0
Practice 2,55,9,92.12,MEDIUM,0,37.2,29.8,1.3,72.0,1010.0
Practice 2,16,11,92.138,MEDIUM,0,37.2,29.8,1.3,72.0,1010.0
Practice 2,14,9,92.704,MEDIUM,0,37.2,29.8,1.3,72.0,1010.0
Practice 2,77,9,93.234,HARD,0,37.2,29.8,1.3,72.0,1010.0
Practice 2,4,7,92.89,HARD,0,37.2,29.8,1.3,72.0,1010.0
Practice 2,18,9,93.39,MEDIUM,0,37.2,29.8,1.3,72.0,1010.0
Practice 2,40,10,93.285,MEDIUM,0,37.2,29.8,1.3,72.0,1010.0
Practice 2,31,8,823.288,HARD,0,37.2,29.8,1.3,72.0,1010.0
Practice 2,22,11,122.143,MEDIUM,0,37.2,29.8,1.3,72.0,1010.0
Practice 2,2,11,136.452,MEDIUM,0,37.2,29.8,1.3,72.0,1010.0
Practice 2,44,8,92.585,MEDIUM,0,37.2,29.8,1.3,72.0,1010.0
Practice 2,55,10,153.861,MEDIUM,0,37.2,29.8,1.3,72.0,1010.0
Practice 2,20,9,93.017,MEDIUM,0,37.2,29.8,1.3,72.0,1010.0
Practice 2,10,11,93.824,HARD,0,37.2,29.8,1.3,72.0,1010.0
Practice 2,16,12,166.248,MEDIUM,0,37.2,29.8,1.3,72.0,1010.0
Practice 2,63,9,756.099,MEDIUM,0,37.2,29.8,1.3,72.0,1010.0
Practice 2,81,8,802.647,MEDIUM,0,37.2,29.8,1.3,72.0,1010.0
Practice 2,14,10,149.903,MEDIUM,0,37.2,29.8,1.3,72.0,1010.0
Practice 2,1,8,786.876,MEDIUM,0,37.2,29.8,1.3,72.0,1010.0
Practice 2,77,10,145.792,HARD,0,37.2,29.8,1.3,72.0,1010.0
Practice 2,4,8,149.804,HARD,0,37.2,29.8,1.3,72.0,1010.0
Practice 2,18,10,159.012,MEDIUM,0,37.2,29.8,1.3,72.0,1010.0
Practice 2,40,11,140.888,MEDIUM,0,37.2,29.8,1.3,72.0,1010.0
Practice 2,24,10,720.613,MEDIUM,0,37.2,29.8,1.3,72.0,1010.0
Practice 2,44,9,199.158,MEDIUM,0,37.2,29.8,1.3,72.0,1010.0
Practice 2,31,9,93.361,HARD,0,37.2,29.8,1.3,72.0,1010.0
Practice 2,20,10,194.839,MEDIUM,0,37.2,29.8,1.3,72.0,1010.0
Practice 2,22,12,93.824,MEDIUM,0,37.2,29.8,1.3,72.0,1010.0
Practice 2,10,12,190.44,HARD,0,37.2,29.8,1.3,72.0,1010.0
Practice 2,2,12,125.19,MEDIUM,0,37.2,29.8,1.3,72.0,1010.0
Practice 2,63,10,92.794,MEDIUM,0,37.2,29.8,1.3,72.0,1010.0
Practice 2,81,9,93.461,MEDIUM,0,37.2,29.8,1.3,72.0,1010.0
Practice 2,1,9,92.852,MEDIUM,0,37.2,29.8,1.3,72.0,1010.0
Practice 2,55,11,184.131,MEDIUM,0,37.2,29.8,1.3,72.0,1010.0
Practice 2,14,11,143.283,MEDIUM,0,37.2,29.8,1.3,72.0,1010.0
Practice 2,77,11,148.479,HARD,0,37.2,29.8,1.3,72.0,1010.0
Practice 2,27,7,1184.065,MEDIUM,0,37.2,29.8,1.3,72.0,1010.0
Practice 2,4,9,145.04,HARD,0,37.2,29.8,1.3,72.0,1010.0
Practice 2,24,11,94.287,MEDIUM,0,37.2,29.8,1.3,72.0,1010.0
Practice 2,31,10,162.595,HARD,0,37.2,29.8,1.3,72.0,1010.0
Practice 2,40,12,151.068,MEDIUM,0,37.2,29.8,1.3,72.0,1010.0
Practice 2,22,13,167.592,MEDIUM,0,37.2,29.8,1.3,72.0,1010.0
Practice 2,16,13,174.435,MEDIUM,0,37.2,29.8,1.3,72.0,1010.0
Practice 2,18,11,172.143,MEDIUM,0,37.2,29.8,1.3,72.0,1010.0
Practice 2,11,10,819.405,MEDIUM,0,37.2,29.8,1.3,72.0,1010.0
Practice 2,63,11,163.557,MEDIUM,0,37.2,29.8,1.3,72.0,1010.0
Practice 2,81,10,160.384,MEDIUM,0,37.2,29.8,1.3,72.0,1010.0
Practice 2,2,13,94.327,MEDIUM,0,37.2,29.8,1.3,72.0,1010.0
Practice 2,1,10,171.06,MEDIUM,0,37.2,29.8,1.3,72.0,1010.0
Practice 2,24,12,152.538,MEDIUM,0,37.2,29.8,1.3,72.0,1010.0
Practice 2,44,10,168.003,MEDIUM,0,37.2,29.8,1.3,72.0,1010.0
Practice 2,20,11,166.362,MEDIUM,0,37.2,29.8,1.3,72.0,1010.0
Practice 2,10,13,137.706,HARD,0,37.2,29.8,1.3,72.0,1010.0
Practice 2,27,8,93.162,MEDIUM,0,37.2,29.8,1.3,72.0,1010.0
Practice 2,14,12,92.478,MEDIUM,0,37.2,29.8,1.3,72.0,1010.0
Practice 2,77,12,93.105,HARD,0,37.2,29.8,1.3,72.0,1010.0
Practice 2,4,10,92.711,HARD,0,37.2,29.8,1.3,72.0,1010.0
Practice 2,55,12,133.675,MEDIUM,0,37.2,29.8,1.3,72.0,1010.0
Practice 2,40,13,94.322,MEDIUM,0,37.2,29.8,1.3,72.0,1010.0
Practice 2,2,14,123.741,MEDIUM,0,37.2,29.8,1.3,72.0,1010.0
Practice 2,31,11,149.259,HARD,0,37.2,29.8,1.3,72.0,1010.0
Practice 2,16,14,130.738,MEDIUM,0,37.2,29.8,1.3,72.0,1010.0
Practice 2,18,12,122.299,MEDIUM,0,37.2,29.8,1.3,72.0,1010.0
Practice 2,11,11,92.961,MEDIUM,0,37.2,29.8,1.3,72.0,1010.0
Practice 2,22,14,176.59,MEDIUM,0,37.2,29.8,1.3,72.0,1010.0
Practice 2,27,9,152.768,MEDIUM,0,37.2,29.8,1.3,72.0,1010.0
Practice 2,63,12,140.194,MEDIUM,0,37.2,29.8,1.3,72.0,1010.0
Practice 2,81,11,145.255,MEDIUM,0,37.2,29.8,1.3,72.0,1010.0
Practice 2,14,13,125.672,MEDIUM,0,37.2,29.8,1.3,72.0,1010.0
Practice 2,77,13,122.7,HARD,0,37.2,29.8,1.3,72.0,1010.0
Practice 2,4,11,124.133,HARD,0,37.2,29.8,1.3,72.0,1010.0
Practice 2,1,11,153.798,MEDIUM,0,37.2,29.8,1.3,72.0,1010.0
Practice 2,10,14,94.206,HARD,0,37.2,29.8,1.3,72.0,1010.0
Practice 2,40,14,147.126,MEDIUM,0,37.2,29.8,1.3,72.0,1010.0
Practice 2,24,13,155.204,MEDIUM,0,37.2,29.8,1.3,72.0,1010.0
Practice 2,44,11,134.801,MEDIUM,0,37.2,29.8,1.3,72.0,1010.0
Practice 2,20,12,93.526,MEDIUM,0,37.2,29.8,1.3,72.0,1010.0
Practice 2,55,13,108.922,MEDIUM,0,37.2,29.8,1.3,72.0,1010.0
Practice 2,11,12,164.273,MEDIUM,0,37.2,29.8,1.3,72.0,1010.0
Practice 2,16,15,105.087,MEDIUM,0,37.2,29.8,1.3,72.0,1010.0
Practice 2,18,13,158.362,MEDIUM,0,37.2,29.8,1.3,72.0,1010.0
Practice 2,31,12,94.235,HARD,0,37.2,29.8,1.3,72.0,1010.0
Practice 2,10,15,122.777,HARD,0,37.2,29.8,1.3,72.0,1010.0
Practice 2,63,13,92.355,MEDIUM,0,37.2,29.8,1.3,72.0,1010.0
Practice 2,22,15,93.477,MEDIUM,0,37.2,29.8,1.3,72.0,1010.0
Practice 2,81,12,94.335,MEDIUM,0,37.2,29.8,1.3,72.0,1010.0
Practice 2,27,10,143.153,MEDIUM,0,37.2,29.8,1.3,72.0,1010.0
Practice 2,20,13,123.956,MEDIUM,0,37.2,29.8,1.3,72.0,1010.0
Practice 2,1,12,107.262,MEDIUM,0,37.2,29.8,1.3,72.0,1010.0
Practice 2,24,14,93.575,MEDIUM,0,37.2,29.8,1.3,72.0,1010.0
Practice 2,31,13,121.095,HARD,0,37.2,29.8,1.3,72.0,1010.0
Practice 2,63,14,113.614,MEDIUM,0,37.2,29.8,1.3,72.0,1010.0
Practice 2,22,16,119.22,MEDIUM,0,37.2,29.8,1.3,72.0,1010.0
Practice 2,81,13,127.489,MEDIUM,0,37.2,29.8,1.3,72.0,1010.0
Practice 2,18,14,111.282,MEDIUM,0,37.2,29.8,1.3,72.0,1010.0
Practice 2,11,13,188.815,MEDIUM,0,37.2,29.8,1.3,72.0,1010.0
Practice 2,24,15,124.863,MEDIUM,0,37.2,29.8,1.3,72.0,1010.0
Practice 2,27,11,93.139,MEDIUM,0,37.2,29.8,1.3,72.0,1010.0
Practice 2,27,12,109.101,MEDIUM,0,37.2,29.8,1.3,72.0,1010.0
Practice 2,2,15,463.476,MEDIUM,0,37.2,29.8,1.3,72.0,1010.0
Practice 2,11,14,92.812,MEDIUM,0,37.2,29.8,1.3,72.0,1010.0
Practice 2,55,14,392.936,MEDIUM,0,37.2,29.8,1.3,72.0,1010.0
Practice 2,11,15,110.661,MEDIUM,0,37.2,29.8,1.3,72.0,1010.0
Practice 2,14,14,523.488,MEDIUM,0,37.2,29.8,1.3,72.0,1010.0
Practice 2,40,15,479.414,MEDIUM,0,37.2,29.8,1.3,72.0,1010.0
Practice 2,44,12,489.188,MEDIUM,0,37.2,29.8,1.3,72.0,1010.0
Practice 2,2,16,121.328,MEDIUM,0,37.2,29.8,1.3,72.0,1010.0
Practice 2,4,12,537.115,HARD,0,37.2,29.8,1.3,72.0,1010.0
Practice 2,55,15,98.78,MEDIUM,0,37.2,29.8,1.3,72.0,1010.0
Practice 2,16,16,516.013,MEDIUM,0,37.2,29.8,1.3,72.0,1010.0
Practice 2,20,14,450.002,MEDIUM,0,37.2,29.8,1.3,72.0,1010.0
Practice 2,77,14,597.2,HARD,0,37.2,29.8,1.3,72.0,1010.0
Practice 2,31,14,427.868,HARD,0,37.2,29.8,1.3,72.0,1010.0
Practice 2,2,17,98.482,MEDIUM,0,37.2,29.8,1.3,72.0,1010.0
Practice 2,40,16,99.109,MEDIUM,0,37.2,29.8,1.3,72.0,1010.0
Practice 2,22,17,432.098,MEDIUM,0,37.2,29.8,1.3,72.0,1010.0
Practice 2,55,16,98.559,MEDIUM,0,37.2,29.8,1.3,72.0,1010.0
Practice 2,44,13,98.535,MEDIUM,0,37.2,29.8,1.3,72.0,1010.0
Practice 2,4,13,98.031,HARD,0,37.2,29.8,1.3,72.0,1010.0
Practice 2,63,15,460.311,MEDIUM,0,37.2,29.8,1.3,72.0,1010.0
Practice 2,14,15,136.108,MEDIUM,0,37.2,29.8,1.3,72.0,1010.0
Practice 2,1,13,534.525,MEDIUM,0,37.2,29.8,1.3,72.0,1010.0
Practice 2,16,17,98.122,MEDIUM,0,37.2,29.8,1.3,72.0,1010.0
Practice 2,81,14,468.652,MEDIUM,0,37.2,29.8,1.3,72.0,1010.0
Practice 2,20,15,101.039,MEDIUM,0,37.2,29.8,1.3,72.0,1010.0
Practice 2,18,15,472.132,MEDIUM,0,37.2,29.8,1.3,72.0,1010.0
Practice 2,31,15,99.451,HARD,0,37.2,29.8,1.3,72.0,1010.0
Practice 2,2,18,99.445,MEDIUM,0,37.2,29.8,1.3,72.0,1010.0
Practice 2,40,17,98.587,MEDIUM,0,37.2,29.8,1.3,72.0,1010.0
Practice 2,77,15,135.344,HARD,0,37.2,29.8,1.3,72.0,1010.0
Practice 2,55,17,98.574,MEDIUM,0,37.2,29.8,1.3,72.0,1010.0
Practice 2,44,14,98.422,MEDIUM,0,37.2,29.8,1.3,72.0,1010.0
Practice 2,4,14,97.879,HARD,0,37.2,29.8,1.3,72.0,1010.0
Practice 2,22,18,98.478,MEDIUM,0,37.2,29.8,1.3,72.0,1010.0
Practice 2,27,13,403.734,MEDIUM,0,37.2,29.8,1.3,72.0,1010.0
Practice 2,14,16,97.869,MEDIUM,0,37.2,29.8,1.3,72.0,1010.0
Practice 2,24,16,515.941,MEDIUM,0,37.2,29.8,1.3,72.0,1010.0
Practice 2,63,16,98.214,MEDIUM,0,37.2,29.8,1.3,72.0,1010.0
Practice 2,16,18,98.239,MEDIUM,0,37.2,29.8,1.3,72.0,1010.0
Practice 2,1,14,102.042,MEDIUM,0,37.2,29.8,1.3,72.0,1010.0
Practice 2,20,16,99.829,MEDIUM,0,37.2,29.8,1.3,72.0,1010.0
Practice 2,18,16,98.437,MEDIUM,0,37.2,29.8,1.3,72.0,1010.0
Practice 2,31,16,99.535,HARD,0,37.2,29.8,1.3,72.0,1010.0
Practice 2,2,19,99.872,MEDIUM,0,37.2,29.8,1.3,72.0,1010.0
Practice 2,81,15,121.225,MEDIUM,0,37.2,29.8,1.3,72.0,1010.0
Practice 2,40,18,98.157,MEDIUM,0,37.2,29.8,1.3,72.0,1010.0
Practice 2,55,18,98.233,MEDIUM,0,37.2,29.8,1.3,72.0,1010.0
Practice 2,77,16,98.615,HARD,0,37.2,29.8,1.3,72.0,1010.0
Practice 2,44,15,98.191,MEDIUM,0,37.2,29.8,1.3,72.0,1010.0
Practice 2,4,15,98.341,HARD,0,37.2,29.8,1.3,72.0,1010.0
Practice 2,22,19,98.412,MEDIUM,0,37.2,29.8,1.3,72.0,1010.0
Practice 2,14,17,98.634,MEDIUM,0,37.2,29.8,1.3,72.0,1010.0
Practice 2,10,16,764.774,HARD,0,37.2,29.8,1.3,72.0,1010.0
Practice 2,27,14,99.56,MEDIUM,0,37.2,29.8,1.3,72.0,1010.0
Practice 2,63,17,111.848,MEDIUM,0,37.2,29.8,1.3,72.0,1010.0
Practice 2,16,19,103.224,MEDIUM,0,37.2,29.8,1.3,72.0,1010.0
Practice 2,1,15,98.221,MEDIUM,0,37.2,29.8,1.3,72.0,1010.0
Practice 2,20,17,99.91,MEDIUM,0,37.2,29.8,1.3,72.0,1010.0
Practice 2,18,17,98.202,MEDIUM,0,37.2,29.8,1.3,72.0,1010.0
Practice 2,31,17,99.418,HARD,0,37.2,29.8,1.3,72.0,1010.0
Practice 2,24,17,126.231,MEDIUM,0,37.2,29.8,1.3,72.0,1010.0
Practice 2,2,20,100.94,MEDIUM,0,37.2,29.8,1.3,72.0,1010.0
Practice 2,81,16,98.853,MEDIUM,0,37.2,29.8,1.3,72.0,1010.0
Practice 2,40,19,98.848,MEDIUM,0,37.2,29.8,1.3,72.0,1010.0
Practice 2,55,19,98.099,MEDIUM,0,37.2,29.8,1.3,72.0,1010.0
Practice 2,77,17,98.638,HARD,0,37.2,29.8,1.3,72.0,1010.0
Practice 2,44,16,98.292,MEDIUM,0,37.2,29.8,1.3,72.0,1010.0
Practice 2,4,16,97.894,HARD,0,37.2,29.8,1.3,72.0,1010.0
Practice 2,22,20,98.657,MEDIUM,0,37.2,29.8,1.3,72.0,1010.0
Practice 2,14,18,97.902,MEDIUM,0,37.2,29.8,1.3,72.0,1010.0
Practice 2,27,15,99.59,MEDIUM,0,37.2,29.8,1.3,72.0,1010.0
Practice 2,16,20,98.091,MEDIUM,0,37.2,29.8,1.3,72.0,1010.0
Practice 2,63,18,97.761,MEDIUM,0,37.2,29.8,1.3,72.0,1010.0
Practice 2,11,16,496.467,MEDIUM,0,37.2,29.8,1.3,72.0,1010.0
Practice 2,10,17,98.872,HARD,0,37.2,29.8,1.3,72.0,1010.0
Practice 2,1,16,102.879,MEDIUM,0,37.2,29.8,1.3,72.0,1010.0
Practice 2,20,18,99.888,MEDIUM,0,37.2,29.8,1.3,72.0,1010.0
Practice 2,18,18,98.662,MEDIUM,0,37.2,29.8,1.3,72.0,1010.0
Practice 2,31,18,99.199,HARD,0,37.2,29.8,1.3,72.0,1010.0
Practice 2,24,18,99.377,MEDIUM,0,37.2,29.8,1.3,72.0,1010.0
Practice 2,2,21,100.011,MEDIUM,0,37.2,29.8,1.3,72.0,1010.0
Practice 2,81,17,99.052,MEDIUM,0,37.2,29.8,1.3,72.0,1010.0
Practice 2,40,20,98.363,MEDIUM,0,37.2,29.8,1.3,72.0,1010.0
Practice 2,55,20,100.546,MEDIUM,0,37.2,29.8,1.3,72.0,1010.0
Practice 2,77,18,99.049,HARD,0,37.2,29.8,1.3,72.0,1010.0
Practice 2,44,17,98.224,MEDIUM,0,37.2,29.8,1.3,72.0,1010.0
Practice 2,4,17,98.675,HARD,0,37.2,29.8,1.3,72.0,1010.0
Practice 2,22,21,99.231,MEDIUM,0,37.2,29.8,1.3,72.0,1010.0
Practice 2,14,19,98.429,MEDIUM,0,37.2,29.8,1.3,72.0,1010.0
Practice 2,27,16,100.118,MEDIUM,0,37.2,29.8,1.3,72.0,1010.0
Practice 2,16,21,98.883,MEDIUM,0,37.2,29.8,1.3,72.0,1010.0
Practice 2,63,19,98.386,MEDIUM,0,37.2,29.8,1.3,72.0,1010.0
Practice 2,10,18,98.789,HARD,0,37.2,29.8,1.3,72.0,1010.0
Practice 2,1,17,98.33,MEDIUM,0,37.2,29.8,1.3,72.0,1010.0
Practice 2,11,17,98.078,MEDIUM,0,37.2,29.8,1.3,72.0,1010.0
Practice 2,20,19,99.834,MEDIUM,0,37.2,29.8,1.3,72.0,1010.0
Practice 2,18,19,102.336,MEDIUM,0,37.2,29.8,1.3,72.0,1010.0
Practice 2,31,19,99.066,HARD,0,37.2,29.8,1.3,72.0,1010.0
Practice 2,24,19,99.412,MEDIUM,0,37.2,29.8,1.3,72.0,1010.0
Practice 2,2,22,101.058,MEDIUM,0,37.2,29.8,1.3,72.0,1010.0
Practice 2,81,18,100.218,MEDIUM,0,37.2,29.8,1.3,72.0,1010.0
Practice 2,40,21,99.184,MEDIUM,0,37.2,29.8,1.3,72.0,1010.0
Practice 2,55,21,98.385,MEDIUM,0,37.2,29.8,1.3,72.0,1010.0
Practice 2,77,19,98.806,HARD,0,37.2,29.8,1.3,72.0,1010.0
Practice 2,44,18,98.113,MEDIUM,0,37.2,29.8,1.3,72.0,1010.0
Practice 2,4,18,106.374,HARD,0,37.2,29.8,1.3,72.0,1010.0
Practice 2,22,22,98.93,MEDIUM,0,37.2,29.8,1.3,72.0,1010.0
Practice 2,14,20,98.115,MEDIUM,0,37.2,29.8,1.3,72.0,1010.0
Practice 2,27,17,99.538,MEDIUM,0,37.2,29.8,1.3,72.0,1010.0
Practice 2,16,22,98.472,MEDIUM,0,37.2,29.8,1.3,72.0,1010.0
Practice 2,63,20,98.6,MEDIUM,0,37.2,29.8,1.3,72.0,1010.0
Practice 2,10,19,99.096,HARD,0,37.2,29.8,1.3,72.0,1010.0
Practice 2,1,18,98.567,MEDIUM,0,37.2,29.8,1.3,72.0,1010.0
Practice 2,11,18,98.428,MEDIUM,0,37.2,29.8,1.3,72.0,1010.0
Practice 2,20,20,100.346,MEDIUM,0,37.2,29.8,1.3,72.0,1010.0
Practice 2,18,20,98.464,MEDIUM,0,37.2,29.8,1.3,72.0,1010.0
Practice 2,31,20,99.226,HARD,0,37.2,29.8,1.3,72.0,1010.0
Practice 2,24,20,99.289,MEDIUM,0,37.2,29.8,1.3,72.0,1010.0
Practice 2,2,23,100.36,MEDIUM,0,37.2,29.8,1.3,72.0,1010.0
Practice 2,81,19,100.339,MEDIUM,0,37.2,29.8,1.3,72.0,1010.0
Practice 2,40,22,100.601,MEDIUM,0,37.2,29.8,1.3,72.0,1010.0
Practice 2,55,22,98.825,MEDIUM,0,37.2,29.8,1.3,72.0,1010.0
Practice 2,77,20,99.099,HARD,0,37.2,29.8,1.3,72.0,1010.0
Practice 2,44,19,98.973,MEDIUM,0,37.2,29.8,1.3,72.0,1010.0
Practice 2,22,23,98.743,MEDIUM,0,37.2,29.8,1.3,72.0,1010.0
Practice 2,14,21,98.17,MEDIUM,0,37.2,29.8,1.3,72.0,1010.0
Practice 2,27,18,100.382,MEDIUM,0,37.2,29.8,1.3,72.0,1010.0
Practice 2,16,23,98.978,MEDIUM,0,37.2,29.8,1.3,72.0,1010.0
Practice 2,4,19,121.176,HARD,0,37.2,29.8,1.3,72.0,1010.0
Practice 2,63,21,98.576,MEDIUM,0,37.2,29.8,1.3,72.0,1010.0
Practice 2,10,20,99.135,HARD,0,37.2,29.8,1.3,72.0,1010.0
Practice 2,1,19,98.579,MEDIUM,0,37.2,29.8,1.3,72.0,1010.0
Practice 2,11,19,98.282,MEDIUM,0,37.2,29.8,1.3,72.0,1010.0
Practice 2,20,21,100.392,MEDIUM,0,37.2,29.8,1.3,72.0,1010.0
Practice 2,18,21,103.964,MEDIUM,0,37.2,29.8,1.3,72.0,1010.0
Practice 2,31,21,99.8,HARD,0,37.2,29.8,1.3,72.0,1010.0
Practice 2,24,21,100.757,MEDIUM,0,37.2,29.8,1.3,72.0,1010.0
Practice 2,2,24,100.528,MEDIUM,0,37.2,29.8,1.3,72.0,1010.0
Practice 2,81,20,106.272,MEDIUM,0,37.2,29.8,1.3,72.0,1010.0
Practice 2,40,23,99.666,MEDIUM,0,37.2,29.8,1.3,72.0,1010.0
Practice 2,55,23,102.418,MEDIUM,0,37.2,29.8,1.3,72.0,1010.0
Practice 2,77,21,100.046,HARD,0,37.2,29.8,1.3,72.0,1010.0
Practice 2,44,20,103.692,MEDIUM,0,37.2,29.8,1.3,72.0,1010.0
Practice 2,22,24,98.765,MEDIUM,0,37.2,29.8,1.3,72.0,1010.0
Practice 2,14,22,98.246,MEDIUM,0,37.2,29.8,1.3,72.0,1010.0
Practice 2,27,19,100.102,MEDIUM,0,37.2,29.8,1.3,72.0,1010.0
Practice 2,16,24,99.368,MEDIUM,0,37.2,29.8,1.3,72.0,1010.0
Practice 2,4,20,98.248,HARD,0,37.2,29.8,1.3,72.0,1010.0
Practice 2,63,22,98.6,MEDIUM,0,37.2,29.8,1.3,72.0,1010.0
Practice 2,10,21,99.223,HARD,0,37.2,29.8,1.3,72.0,1010.0
Practice 2,1,20,98.649,MEDIUM,0,37.2,29.8,1.3,72.0,1010.0
Practice 2,11,20,98.049,MEDIUM,0,37.2,29.8,1.3,72.0,1010.0
Practice 2,20,22,100.241,MEDIUM,0,37.2,29.8,1.3,72.0,1010.0
Practice 2,18,22,98.817,MEDIUM,0,37.2,29.8,1.3,72.0,1010.0
Practice 2,31,22,99.718,HARD,0,37.2,29.8,1.3,72.0,1010.0
Practice 2,24,22,100.433,MEDIUM,0,37.2,29.8,1.3,72.0,1010.0
Practice 2,2,25,100.22,MEDIUM,0,37.2,29.8,1.3,72.0,1010.0
Practice 2,40,24,99.563,MEDIUM,0,37.2,29.8,1.3,72.0,1010.0
Practice 2,81,21,99.567,MEDIUM,0,37.2,29.8,1.3,72.0,1010.0
Practice 2,55,24,98.51,MEDIUM,0,37.2,29.8,1.3,72.0,1010.0
Practice 2,77,22,100.432,HARD,0,37.2,29.8,1.3,72.0,1010.0
Practice 2,44,21,98.339,MEDIUM,0,37.2,29.8,1.3,72.0,1010.0
Practice 2,22,25,99.045,MEDIUM,0,37.2,29.8,1.3,72.0,1010.0
Practice 2,14,23,98.56,MEDIUM,0,37.2,29.8,1.3,72.0,1010.0
Practice 2,27,20,99.744,MEDIUM,0,37.2,29.8,1.3,72.0,1010.0
Practice 2,16,25,99.155,MEDIUM,0,37.2,29.8,1.3,72.0,1010.0
Practice 2,4,21,101.236,HARD,0,37.2,29.8,1.3,72.0,1010.0
Practice 2,63,23,99.138,MEDIUM,0,37.2,29.8,1.3,72.0,1010.0
Practice 2,10,22,99.591,HARD,0,37.2,29.8,1.3,72.0,1010.0
Practice 2,1,21,99.165,MEDIUM,0,37.2,29.8,1.3,72.0,1010.0
Practice 2,11,21,98.259,MEDIUM,0,37.2,29.8,1.3,72.0,1010.0
Practice 2,20,23,100.32,MEDIUM,0,37.2,29.8,1.3,72.0,1010.0
Practice 2,18,23,105.59,MEDIUM,0,37.2,29.8,1.3,72.0,1010.0
Practice 2,31,23,99.852,HARD,0,37.2,29.8,1.3,72.0,1010.0
Practice 2,24,23,100.52,MEDIUM,0,37.2,29.8,1.3,72.0,1010.0
Practice 2,2,26,100.308,MEDIUM,0,37.2,29.8,1.3,72.0,1010.0
Practice 2,40,25,99.687,MEDIUM,0,37.2,29.8,1.3,72.0,1010.0
Practice 2,81,22,113.276,MEDIUM,0,37.2,29.8,1.3,72.0,1010.0
Practice 2,55,25,129.439,MEDIUM,0,37.2,29.8,1.3,72.0,1010.0
Practice 2,77,23,129.809,HARD,0,37.2,29.8,1.3,72.0,1010.0
Practice 2,44,22,136.731,MEDIUM,0,37.2,29.8,1.3,72.0,1010.0
Practice 2,22,26,124.114,MEDIUM,0,37.2,29.8,1.3,72.0,1010.0
Practice 2,14,24,135.076,MEDIUM,0,37.2,29.8,1.3,72.0,1010.0
Practice 2,27,21,115.097,MEDIUM,0,37.2,29.8,1.3,72.0,1010.0
Practice 2,16,26,136.751,MEDIUM,0,37.2,29.8,1.3,72.0,1010.0
Practice 2,4,22,126.376,HARD,0,37.2,29.8,1.3,72.0,1010.0
Practice 2,63,24,149.283,MEDIUM,0,37.2,29.8,1.3,72.0,1010.0
Practice 2,10,23,146.067,HARD,0,37.2,29.8,1.3,72.0,1010.0
Practice 2,1,22,145.051,MEDIUM,0,37.2,29.8,1.3,72.0,1010.0
Practice 2,11,22,156.624,MEDIUM,0,37.2,29.8,1.3,72.0,1010.0
Practice 2,20,24,116.378,MEDIUM,0,37.2,29.8,1.3,72.0,1010.0
Practice 2,31,24,131.086,HARD,0,37.2,29.8,1.3,72.0,1010.0
Practice 2,18,24,136.743,MEDIUM,0,37.2,29.8,1.3,72.0,1010.0
Practice 2,24,24,145.208,MEDIUM,0,37.2,29.8,1.3,72.0,1010.0
Practice 2,2,27,144.04,MEDIUM,0,37.2,29.8,1.3,72.0,1010.0
Practice 2,40,26,147.107,MEDIUM,0,37.2,29.8,1.3,72.0,1010.0
Practice 2,81,23,133.686,MEDIUM,0,37.2,29.8,1.3,72.0,1010.0
Practice 2,55,26,133.958,MEDIUM,0,37.2,29.8,1.3,72.0,1010.0
Practice 2,77,24,185.382,HARD,0,37.2,29.8,1.3,72.0,1010.0
Practice 2,22,27,141.044,MEDIUM,0,37.2,29.8,1.3,72.0,1010.0
Practice 2,44,23,139.51,MEDIUM,0,37.2,29.8,1.3,72.0,1010.0
Practice 2,27,22,142.119,MEDIUM,0,37.2,29.8,1.3,72.0,1010.0
Practice 2,14,25,148.456,MEDIUM,0,37.2,29.8,1.3,72.0,1010.0
Practice 2,4,23,139.837,HARD,0,37.2,29.8,1.3,72.0,1010.0
Practice 2,16,27,141.088,MEDIUM,0,37.2,29.8,1.3,72.0,1010.0
Practice 2,20,25,143.863,MEDIUM,0,37.2,29.8,1.3,72.0,1010.0
Practice 2,63,25,163.483,MEDIUM,0,37.2,29.8,1.3,72.0,1010.0
Practice 2,10,24,142.097,HARD,0,37.2,29.8,1.3,72.0,1010.0
Practice 2,1,23,194.246,MEDIUM,0,37.2,29.8,1.3,72.0,1010.0
Practice 2,31,25,145.034,HARD,0,37.2,29.8,1.3,72.0,1010.0
Practice 2,11,23,142.438,MEDIUM,0,37.2,29.8,1.3,72.0,1010.0
Practice 2,18,25,144.562,MEDIUM,0,37.2,29.8,1.3,72.0,1010.0
Practice 2,24,25,146.857,MEDIUM,0,37.2,29.8,1.3,72.0,1010.0
Practice 2,2,28,160.299,MEDIUM,0,37.2,29.8,1.3,72.0,1010.0
Practice 2,40,27,140.679,MEDIUM,0,37.2,29.8,1.3,72.0,1010.0
Practice 3,77,1,,SOFT,0,39.0,31.1,2.0,69.0,1007.5
Practice 3,24,1,,SOFT,0,39.0,31.1,2.0,69.0,1007.5
Practice 3,77,2,95.082,SOFT,0,39.0,31.1,2.0,69.0,1007.5
Practice 3,24,2,96.495,SOFT,0,39.0,31.1,2.0,69.0,1007.5
Practice 3,11,1,,MEDIUM,0,39.0,31.1,2.0,69.0,1007.5
Practice 3,55,1,,MEDIUM,0,39.0,31.1,2.0,69.0,1007.5
Practice 3,18,1,,MEDIUM,0,39.0,31.1,2.0,69.0,1007.5
Practice 3,16,1,,MEDIUM,0,39.0,31.1,2.0,69.0,1007.5
Practice 3,1,1,,MEDIUM,0,39.0,31.1,2.0,69.0,1007.5
Practice 3,77,3,136.292,SOFT,0,39.0,31.1,2.0,69.0,1007.5
Practice 3,24,3,137.536,SOFT,0,39.0,31.1,2.0,69.0,1007.5
Practice 3,11,2,95.233,MEDIUM,0,39.0,31.1,2.0,69.0,1007.5
Practice 3,18,2,95.077,MEDIUM,0,39.0,31.1,2.0,69.0,1007.5
Practice 3,55,2,95.015,MEDIUM,0,39.0,31.1,2.0,69.0,1007.5
Practice 3,16,2,95.418,MEDIUM,0,39.0,31.1,2.0,69.0,1007.5
Practice 3,1,2,94.402,MEDIUM,0,39.0,31.1,2.0,69.0,1007.5
Practice 3,77,4,141.963,SOFT,0,39.0,31.1,2.0,69.0,1007.5
Practice 3,10,1,,MEDIUM,0,39.0,31.1,2.0,69.0,1007.5
Practice 3,24,4,154.541,SOFT,0,39.0,31.1,2.0,69.0,1007.5
Practice 3,11,3,166.054,MEDIUM,0,39.0,31.1,2.0,69.0,1007.5
Practice 3,18,3,147.712,MEDIUM,0,39.0,31.1,2.0,69.0,1007.5
Practice 3,55,3,177.099,MEDIUM,0,39.0,31.1,2.0,69.0,1007.5
Practice 3,16,3,175.335,MEDIUM,0,39.0,31.1,2.0,69.0,1007.5
Practice 3,1,3,186.073,MEDIUM,0,39.0,31.1,2.0,69.0,1007.5
Practice 3,44,1,,SOFT,0,39.0,31.1,2.0,69.0,1007.5
Practice 3,31,1,,MEDIUM,0,39.0,31.1,2.0,69.0,1007.5
Practice 3,10,2,141.015,MEDIUM,0,39.0,31.1,2.0,69.0,1007.5
Practice 3,77,5,94.985,SOFT,0,39.0,31.1,2.0,69.0,1007.5
Practice 3,63,1,,SOFT,0,39.0,31.1,2.0,69.0,1007.5
Practice 3,24,5,95.298,SOFT,0,39.0,31.1,2.0,69.0,1007.5
Practice 3,18,4,94.574,MEDIUM,0,39.0,31.1,2.0,69.0,1007.5
Practice 3,4,1,,MEDIUM,0,39.0,31.1,2.0,69.0,1007.5
Practice 3,27,1,,MEDIUM,0,39.0,31.1,2.0,69.0,1007.5
Practice 3,11,4,159.824,MEDIUM,0,39.0,31.1,2.0,69.0,1007.5
Practice 3,55,4,93.778,MEDIUM,0,39.0,31.1,2.0,69.0,1007.5
Practice 3,77,6,129.351,SOFT,0,39.0,31.1,2.0,69.0,1007.5
Practice 3,16,4,128.389,MEDIUM,0,39.0,31.1,2.0,69.0,1007.5
Practice 3,44,2,94.412,SOFT,0,39.0,31.1,2.0,69.0,1007.5
Practice 3,24,6,127.241,SOFT,0,39.0,31.1,2.0,69.0,1007.5
Practice 3,31,2,95.152,MEDIUM,0,39.0,31.1,2.0,69.0,1007.5
Practice 3,10,3,95.787,MEDIUM,0,39.0,31.1,2.0,69.0,1007.5
Practice 3,1,4,137.524,MEDIUM,0,39.0,31.1,2.0,69.0,1007.5
Practice 3,18,5,142.711,MEDIUM,0,39.0,31.1,2.0,69.0,1007.5
Practice 3,63,2,94.094,SOFT,0,39.0,31.1,2.0,69.0,1007.5
Practice 3,81,1,,HARD,0,39.0,31.1,2.0,69.0,1007.5
Practice 3,4,2,94.261,MEDIUM,0,39.0,31.1,2.0,69.0,1007.5
Practice 3,27,2,95.12,MEDIUM,0,39.0,31.1,2.0,69.0,1007.5
Practice 3,55,5,151.435,MEDIUM,0,39.0,31.1,2.0,69.0,1007.5
Practice 3,44,3,188.118,SOFT,0,39.0,31.1,2.0,69.0,1007.5
Practice 3,11,5,94.317,MEDIUM,0,39.0,31.1,2.0,69.0,1007.5
Practice 3,31,3,157.554,MEDIUM,0,39.0,31.1,2.0,69.0,1007.5
Practice 3,16,5,94.095,MEDIUM,0,39.0,31.1,2.0,69.0,1007.5
Practice 3,10,4,162.244,MEDIUM,0,39.0,31.1,2.0,69.0,1007.5
Practice 3,63,3,171.15,SOFT,0,39.0,31.1,2.0,69.0,1007.5
Practice 3,14,1,,MEDIUM,0,39.0,31.1,2.0,69.0,1007.5
Practice 3,1,5,93.66,MEDIUM,0,39.0,31.1,2.0,69.0,1007.5
Practice 3,4,3,153.449,MEDIUM,0,39.0,31.1,2.0,69.0,1007.5
Practice 3,27,3,143.387,MEDIUM,0,39.0,31.1,2.0,69.0,1007.5
Practice 3,18,6,95.81,MEDIUM,0,39.0,31.1,2.0,69.0,1007.5
Practice 3,81,2,96.13,HARD,0,39.0,31.1,2.0,69.0,1007.5
Practice 3,11,6,129.219,MEDIUM,0,39.0,31.1,2.0,69.0,1007.5
Practice 3,16,6,174.346,MEDIUM,0,39.0,31.1,2.0,69.0,1007.5
Practice 3,20,1,,MEDIUM,0,39.0,31.1,2.0,69.0,1007.5
Practice 3,40,1,,MEDIUM,0,39.0,31.1,2.0,69.0,1007.5
Practice 3,1,6,118.142,MEDIUM,0,39.0,31.1,2.0,69.0,1007.5
Practice 3,55,6,169.941,MEDIUM,0,39.0,31.1,2.0,69.0,1007.5
Practice 3,31,4,140.139,MEDIUM,0,39.0,31.1,2.0,69.0,1007.5
Practice 3,18,7,126.42,MEDIUM,0,39.0,31.1,2.0,69.0,1007.5
Practice 3,14,2,95.544,MEDIUM,0,39.0,31.1,2.0,69.0,1007.5
Practice 3,23,1,,SOFT,0,39.0,31.1,2.0,69.0,1007.5
Practice 3,81,3,144.364,HARD,0,39.0,31.1,2.0,69.0,1007.5
Practice 3,10,5,130.789,MEDIUM,0,39.0,31.1,2.0,69.0,1007.5
Practice 3,63,4,144.041,SOFT,0,39.0,31.1,2.0,69.0,1007.5
Practice 3,44,4,185.874,SOFT,0,39.0,31.1,2.0,69.0,1007.5
Practice 3,22,1,,MEDIUM,0,39.0,31.1,2.0,69.0,1007.5
Practice 3,4,4,93.934,MEDIUM,0,39.0,31.1,2.0,69.0,1007.5
Practice 3,27,4,159.576,MEDIUM,0,39.0,31.1,2.0,69.0,1007.5
Practice 3,20,2,94.118,MEDIUM,0,39.0,31.1,2.0,69.0,1007.5
Practice 3,14,3,132.46,MEDIUM,0,39.0,31.1,2.0,69.0,1007.5
Practice 3,40,2,95.145,MEDIUM,0,39.0,31.1,2.0,69.0,1007.5
Practice 3,16,7,93.663,MEDIUM,0,39.0,31.1,2.0,69.0,1007.5
Practice 3,55,7,118.821,MEDIUM,0,39.0,31.1,2.0,69.0,1007.5
Practice 3,23,2,94.598,SOFT,0,39.0,31.1,2.0,69.0,1007.5
Practice 3,4,5,139.568,MEDIUM,0,39.0,31.1,2.0,69.0,1007.5
Practice 3,31,5,94.656,MEDIUM,0,39.0,31.1,2.0,69.0,1007.5
Practice 3,10,6,94.682,MEDIUM,0,39.0,31.1,2.0,69.0,1007.5
Practice 3,77,7,420.285,SOFT,0,39.0,31.1,2.0,69.0,1007.5
Practice 3,81,4,95.572,HARD,0,39.0,31.1,2.0,69.0,1007.5
Practice 3,20,3,164.104,MEDIUM,0,39.0,31.1,2.0,69.0,1007.5
Practice 3,63,5,93.44,SOFT,0,39.0,31.1,2.0,69.0,1007.5
Practice 3,22,2,96.017,MEDIUM,0,39.0,31.1,2.0,69.0,1007.5
Practice 3,44,5,93.749,SOFT,0,39.0,31.1,2.0,69.0,1007.5
Practice 3,24,7,469.189,SOFT,0,39.0,31.1,2.0,69.0,1007.5
Practice 3,27,5,94.719,MEDIUM,0,39.0,31.1,2.0,69.0,1007.5
Practice 3,40,3,161.19,MEDIUM,0,39.0,31.1,2.0,69.0,1007.5
Practice 3,2,1,,SOFT,0,39.0,31.1,2.0,69.0,1007.5
Practice 3,16,8,167.663,MEDIUM,0,39.0,31.1,2.0,69.0,1007.5
Practice 3,23,3,148.421,SOFT,0,39.0,31.1,2.0,69.0,1007.5
Practice 3,14,4,94.065,MEDIUM,0,39.0,31.1,2.0,69.0,1007.5
Practice 3,31,6,156.101,MEDIUM,0,39.0,31.1,2.0,69.0,1007.5
Practice 3,10,7,152.963,MEDIUM,0,39.0,31.1,2.0,69.0,1007.5
Practice 3,55,8,93.195,MEDIUM,0,39.0,31.1,2.0,69.0,1007.5
Practice 3,81,5,137.998,HARD,0,39.0,31.1,2.0,69.0,1007.5
Practice 3,77,8,98.921,SOFT,0,39.0,31.1,2.0,69.0,1007.5
Practice 3,63,6,167.005,SOFT,0,39.0,31.1,2.0,69.0,1007.5
Practice 3,22,3,161.791,MEDIUM,0,39.0,31.1,2.0,69.0,1007.5
Practice 3,44,6,145.754,SOFT,0,39.0,31.1,2.0,69.0,1007.5
Practice 3,27,6,141.495,MEDIUM,0,39.0,31.1,2.0,69.0,1007.5
Practice 3,14,5,136.402,MEDIUM,0,39.0,31.1,2.0,69.0,1007.5
Practice 3,20,4,142.765,MEDIUM,0,39.0,31.1,2.0,69.0,1007.5
Practice 3,24,8,100.107,SOFT,0,39.0,31.1,2.0,69.0,1007.5
Practice 3,55,9,132.05,MEDIUM,0,39.0,31.1,2.0,69.0,1007.5
Practice 3,2,2,94.829,SOFT,0,39.0,31.1,2.0,69.0,1007.5
Practice 3,40,4,149.211,MEDIUM,0,39.0,31.1,2.0,69.0,1007.5
Practice 3,77,9,99.782,SOFT,0,39.0,31.1,2.0,69.0,1007.5
Practice 3,23,4,144.557,SOFT,0,39.0,31.1,2.0,69.0,1007.5
Practice 3,16,9,133.167,MEDIUM,0,39.0,31.1,2.0,69.0,1007.5
Practice 3,31,7,141.708,MEDIUM,0,39.0,31.1,2.0,69.0,1007.5
Practice 3,10,8,150.121,MEDIUM,0,39.0,31.1,2.0,69.0,1007.5
Practice 3,27,7,125.082,MEDIUM,0,39.0,31.1,2.0,69.0,1007.5
Practice 3,24,9,100.184,SOFT,0,39.0,31.1,2.0,69.0,1007.5
Practice 3,63,7,142.847,SOFT,0,39.0,31.1,2.0,69.0,1007.5
Practice 3,2,3,155.857,SOFT,0,39.0,31.1,2.0,69.0,1007.5
Practice 3,22,4,146.28,MEDIUM,0,39.0,31.1,2.0,69.0,1007.5
Practice 3,14,6,147.389,MEDIUM,0,39.0,31.1,2.0,69.0,1007.5
Practice 3,77,10,99.581,SOFT,0,39.0,31.1,2.0,69.0,1007.5
Practice 3,20,5,111.456,MEDIUM,0,39.0,31.1,2.0,69.0,1007.5
Practice 3,1,7,526.624,MEDIUM,0,39.0,31.1,2.0,69.0,1007.5
Practice 3,40,5,119.604,MEDIUM,0,39.0,31.1,2.0,69.0,1007.5
Practice 3,23,5,94.142,SOFT,0,39.0,31.1,2.0,69.0,1007.5
Practice 3,31,8,94.131,MEDIUM,0,39.0,31.1,2.0,69.0,1007.5
Practice 3,24,10,99.473,SOFT,0,39.0,31.1,2.0,69.0,1007.5
Practice 3,16,10,149.693,MEDIUM,0,39.0,31.1,2.0,69.0,1007.5
Practice 3,10,9,95.286,MEDIUM,0,39.0,31.1,2.0,69.0,1007.5
Practice 3,77,11,99.515,SOFT,0,39.0,31.1,2.0,69.0,1007.5
Practice 3,11,7,670.302,MEDIUM,0,39.0,31.1,2.0,69.0,1007.5
Practice 3,63,8,92.883,SOFT,0,39.0,31.1,2.0,69.0,1007.5
Practice 3,27,8,147.125,MEDIUM,0,39.0,31.1,2.0,69.0,1007.5
Practice 3,20,6,94.01,MEDIUM,0,39.0,31.1,2.0,69.0,1007.5
Practice 3,22,5,94.443,MEDIUM,0,39.0,31.1,2.0,69.0,1007.5
Practice 3,2,4,145.569,SOFT,0,39.0,31.1,2.0,69.0,1007.5
Practice 3,4,6,457.049,MEDIUM,0,39.0,31.1,2.0,69.0,1007.5
Practice 3,14,7,93.994,MEDIUM,0,39.0,31.1,2.0,69.0,1007.5
Practice 3,23,6,141.242,SOFT,0,39.0,31.1,2.0,69.0,1007.5
Practice 3,18,8,619.563,MEDIUM,0,39.0,31.1,2.0,69.0,1007.5
Practice 3,1,8,98.759,MEDIUM,0,39.0,31.1,2.0,69.0,1007.5
Practice 3,31,9,128.592,MEDIUM,0,39.0,31.1,2.0,69.0,1007.5
Practice 3,40,6,150.854,MEDIUM,0,39.0,31.1,2.0,69.0,1007.5
Practice 3,24,11,108.553,SOFT,0,39.0,31.1,2.0,69.0,1007.5
Practice 3,10,10,121.487,MEDIUM,0,39.0,31.1,2.0,69.0,1007.5
Practice 3,16,11,102.986,MEDIUM,0,39.0,31.1,2.0,69.0,1007.5
Practice 3,77,12,103.692,SOFT,0,39.0,31.1,2.0,69.0,1007.5
Practice 3,44,7,397.888,SOFT,0,39.0,31.1,2.0,69.0,1007.5
Practice 3,63,9,122.468,SOFT,0,39.0,31.1,2.0,69.0,1007.5
Practice 3,20,7,119.511,MEDIUM,0,39.0,31.1,2.0,69.0,1007.5
Practice 3,22,6,169.817,MEDIUM,0,39.0,31.1,2.0,69.0,1007.5
Practice 3,14,8,132.243,MEDIUM,0,39.0,31.1,2.0,69.0,1007.5
Practice 3,27,9,94.729,MEDIUM,0,39.0,31.1,2.0,69.0,1007.5
Practice 3,1,9,98.185,MEDIUM,0,39.0,31.1,2.0,69.0,1007.5
Practice 3,11,8,94.498,MEDIUM,0,39.0,31.1,2.0,69.0,1007.5
Practice 3,4,7,93.776,MEDIUM,0,39.0,31.1,2.0,69.0,1007.5
Practice 3,2,5,94.136,SOFT,0,39.0,31.1,2.0,69.0,1007.5
Practice 3,24,12,99.913,SOFT,0,39.0,31.1,2.0,69.0,1007.5
Practice 3,18,9,114.424,MEDIUM,0,39.0,31.1,2.0,69.0,1007.5
Practice 3,77,13,99.397,SOFT,0,39.0,31.1,2.0,69.0,1007.5
Practice 3,23,7,141.817,SOFT,0,39.0,31.1,2.0,69.0,1007.5
Practice 3,40,7,113.637,MEDIUM,0,39.0,31.1,2.0,69.0,1007.5
Practice 3,27,10,114.946,MEDIUM,0,39.0,31.1,2.0,69.0,1007.5
Practice 3,1,10,98.583,MEDIUM,0,39.0,31.1,2.0,69.0,1007.5
Practice 3,11,9,160.531,MEDIUM,0,39.0,31.1,2.0,69.0,1007.5
Practice 3,4,8,154.74,MEDIUM,0,39.0,31.1,2.0,69.0,1007.5
Practice 3,20,8,158.868,MEDIUM,0,39.0,31.1,2.0,69.0,1007.5
Practice 3,44,8,93.105,SOFT,0,39.0,31.1,2.0,69.0,1007.5
Practice 3,2,6,113.274,SOFT,0,39.0,31.1,2.0,69.0,1007.5
Practice 3,24,13,100.247,SOFT,0,39.0,31.1,2.0,69.0,1007.5
Practice 3,22,7,152.008,MEDIUM,0,39.0,31.1,2.0,69.0,1007.5
Practice 3,18,10,94.789,MEDIUM,0,39.0,31.1,2.0,69.0,1007.5
Practice 3,77,14,100.117,SOFT,0,39.0,31.1,2.0,69.0,1007.5
Practice 3,1,11,98.424,MEDIUM,0,39.0,31.1,2.0,69.0,1007.5
Practice 3,40,8,151.049,MEDIUM,0,39.0,31.1,2.0,69.0,1007.5
Practice 3,44,9,111.996,SOFT,0,39.0,31.1,2.0,69.0,1007.5
Practice 3,81,6,652.379,HARD,0,39.0,31.1,2.0,69.0,1007.5
Practice 3,24,14,100.398,SOFT,0,39.0,31.1,2.0,69.0,1007.5
Practice 3,18,11,158.398,MEDIUM,0,39.0,31.1,2.0,69.0,1007.5
Practice 3,77,15,99.662,SOFT,0,39.0,31.1,2.0,69.0,1007.5
Practice 3,11,10,157.355,MEDIUM,0,39.0,31.1,2.0,69.0,1007.5
Practice 3,55,10,651.928,MEDIUM,0,39.0,31.1,2.0,69.0,1007.5
Practice 3,22,8,93.783,MEDIUM,0,39.0,31.1,2.0,69.0,1007.5
Practice 3,1,12,115.225,MEDIUM,0,39.0,31.1,2.0,69.0,1007.5
Practice 3,16,12,390.767,MEDIUM,0,39.0,31.1,2.0,69.0,1007.5
Practice 3,81,7,94.578,HARD,0,39.0,31.1,2.0,69.0,1007.5
Practice 3,24,15,100.24,SOFT,0,39.0,31.1,2.0,69.0,1007.5
Practice 3,77,16,99.638,SOFT,0,39.0,31.1,2.0,69.0,1007.5
Practice 3,22,9,128.567,MEDIUM,0,39.0,31.1,2.0,69.0,1007.5
Practice 3,18,12,94.496,MEDIUM,0,39.0,31.1,2.0,69.0,1007.5
Practice 3,55,11,97.102,MEDIUM,0,39.0,31.1,2.0,69.0,1007.5
Practice 3,81,8,140.941,HARD,0,39.0,31.1,2.0,69.0,1007.5
Practice 3,11,11,93.955,MEDIUM,0,39.0,31.1,2.0,69.0,1007.5
Practice 3,24,16,100.048,SOFT,0,39.0,31.1,2.0,69.0,1007.5
Practice 3,16,13,96.448,MEDIUM,0,39.0,31.1,2.0,69.0,1007.5
Practice 3,77,17,99.43,SOFT,0,39.0,31.1,2.0,69.0,1007.5
Practice 3,18,13,112.886,MEDIUM,0,39.0,31.1,2.0,69.0,1007.5
Practice 3,55,12,96.88,MEDIUM,0,39.0,31.1,2.0,69.0,1007.5
Practice 3,11,12,117.358,MEDIUM,0,39.0,31.1,2.0,69.0,1007.5
Practice 3,24,17,120.801,SOFT,0,39.0,31.1,2.0,69.0,1007.5
Practice 3,22,10,148.121,MEDIUM,0,39.0,31.1,2.0,69.0,1007.5
Practice 3,16,14,96.487,MEDIUM,0,39.0,31.1,2.0,69.0,1007.5
Practice 3,77,18,108.096,SOFT,0,39.0,31.1,2.0,69.0,1007.5
Practice 3,81,9,105.898,HARD,0,39.0,31.1,2.0,69.0,1007.5
Practice 3,55,13,96.406,MEDIUM,0,39.0,31.1,2.0,69.0,1007.5
Practice 3,16,15,97.01,MEDIUM,0,39.0,31.1,2.0,69.0,1007.5
Practice 3,63,10,713.49,SOFT,0,39.0,31.1,2.0,69.0,1007.5
Practice 3,22,11,128.551,MEDIUM,0,39.0,31.1,2.0,69.0,1007.5
Practice 3,55,14,105.03,MEDIUM,0,39.0,31.1,2.0,69.0,1007.5
Practice 3,23,8,669.835,SOFT,0,39.0,31.1,2.0,69.0,1007.5
Practice 3,16,16,104.848,MEDIUM,0,39.0,31.1,2.0,69.0,1007.5
Practice 3,31,10,835.389,MEDIUM,0,39.0,31.1,2.0,69.0,1007.5
Practice 3,2,7,646.414,SOFT,0,39.0,31.1,2.0,69.0,1007.5
Practice 3,14,9,771.029,MEDIUM,0,39.0,31.1,2.0,69.0,1007.5
Practice 3,4,9,630.151,MEDIUM,0,39.0,31.1,2.0,69.0,1007.5
Practice 3,63,11,92.364,SOFT,0,39.0,31.1,2.0,69.0,1007.5
Practice 3,44,10,631.001,SOFT,0,39.0,31.1,2.0,69.0,1007.5
Practice 3,23,9,93.37,SOFT,0,39.0,31.1,2.0,69.0,1007.5
Practice 3,31,11,92.979,MEDIUM,0,39.0,31.1,2.0,69.0,1007.5
Practice 3,2,8,93.708,SOFT,0,39.0,31.1,2.0,69.0,1007.5
Practice 3,63,12,157.526,SOFT,0,39.0,31.1,2.0,69.0,1007.5
Practice 3,14,10,93.051,MEDIUM,0,39.0,31.1,2.0,69.0,1007.5
Practice 3,4,10,92.303,MEDIUM,0,39.0,31.1,2.0,69.0,1007.5
Practice 3,18,14,416.43,MEDIUM,0,39.0,31.1,2.0,69.0,1007.5
Practice 3,81,10,367.713,HARD,0,39.0,31.1,2.0,69.0,1007.5
Practice 3,40,9,734.836,MEDIUM,0,39.0,31.1,2.0,69.0,1007.5
Practice 3,23,10,151.558,SOFT,0,39.0,31.1,2.0,69.0,1007.5
Practice 3,44,11,92.535,SOFT,0,39.0,31.1,2.0,69.0,1007.5
Practice 3,10,11,1042.984,MEDIUM,0,39.0,31.1,2.0,69.0,1007.5
Practice 3,31,12,155.544,MEDIUM,0,39.0,31.1,2.0,69.0,1007.5
Practice 3,2,9,145.815,SOFT,0,39.0,31.1,2.0,69.0,1007.5
Practice 3,14,11,135.993,MEDIUM,0,39.0,31.1,2.0,69.0,1007.5
Practice 3,4,11,158.655,MEDIUM,0,39.0,31.1,2.0,69.0,1007.5
Practice 3,18,15,93.126,MEDIUM,0,39.0,31.1,2.0,69.0,1007.5
Practice 3,81,11,92.73,HARD,0,39.0,31.1,2.0,69.0,1007.5
Practice 3,44,12,194.577,SOFT,0,39.0,31.1,2.0,69.0,1007.5
Practice 3,40,10,93.523,MEDIUM,0,39.0,31.1,2.0,69.0,1007.5
Practice 3,10,12,93.515,MEDIUM,0,39.0,31.1,2.0,69.0,1007.5
Practice 3,1,13,805.972,MEDIUM,0,39.0,31.1,2.0,69.0,1007.5
Practice 3,18,16,150.541,MEDIUM,0,39.0,31.1,2.0,69.0,1007.5
Practice 3,2,10,136.132,SOFT,0,39.0,31.1,2.0,69.0,1007.5
Practice 3,23,11,178.27,SOFT,0,39.0,31.1,2.0,69.0,1007.5
Practice 3,31,13,141.045,MEDIUM,0,39.0,31.1,2.0,69.0,1007.5
Practice 3,81,12,150.25,HARD,0,39.0,31.1,2.0,69.0,1007.5
Practice 3,4,12,145.827,MEDIUM,0,39.0,31.1,2.0,69.0,1007.5
Practice 3,40,11,156.488,MEDIUM,0,39.0,31.1,2.0,69.0,1007.5
Practice 3,55,15,504.947,MEDIUM,0,39.0,31.1,2.0,69.0,1007.5
Practice 3,10,13,163.854,MEDIUM,0,39.0,31.1,2.0,69.0,1007.5
Practice 3,16,17,485.338,MEDIUM,0,39.0,31.1,2.0,69.0,1007.5
Practice 3,1,14,92.636,MEDIUM,0,39.0,31.1,2.0,69.0,1007.5
Practice 3,11,13,728.876,MEDIUM,0,39.0,31.1,2.0,69.0,1007.5
Practice 3,77,19,714.18,SOFT,0,39.0,31.1,2.0,69.0,1007.5
Practice 3,2,11,94.941,SOFT,0,39.0,31.1,2.0,69.0,1007.5
Practice 3,31,14,93.646,MEDIUM,0,39.0,31.1,2.0,69.0,1007.5
Practice 3,44,13,167.832,SOFT,0,39.0,31.1,2.0,69.0,1007.5
Practice 3,23,12,116.106,SOFT,0,39.0,31.1,2.0,69.0,1007.5
Practice 3,18,17,173.367,MEDIUM,0,39.0,31.1,2.0,69.0,1007.5
Practice 3,4,13,92.585,MEDIUM,0,39.0,31.1,2.0,69.0,1007.5
Practice 3,63,13,390.021,SOFT,0,39.0,31.1,2.0,69.0,1007.5
Practice 3,55,16,92.065,MEDIUM,0,39.0,31.1,2.0,69.0,1007.5
Practice 3,1,15,170.872,MEDIUM,0,39.0,31.1,2.0,69.0,1007.5
Practice 3,81,13,171.401,HARD,0,39.0,31.1,2.0,69.0,1007.5
Practice 3,40,12,147.046,MEDIUM,0,39.0,31.1,2.0,69.0,1007.5
Practice 3,16,18,136.157,MEDIUM,0,39.0,31.1,2.0,69.0,1007.5
Practice 3,20,9,1204.673,MEDIUM,0,39.0,31.1,2.0,69.0,1007.5
Practice 3,10,14,132.284,MEDIUM,0,39.0,31.1,2.0,69.0,1007.5
Practice 3,27,11,1268.68,MEDIUM,0,39.0,31.1,2.0,69.0,1007.5
Practice 3,22,12,712.418,MEDIUM,0,39.0,31.1,2.0,69.0,1007.5
Practice 3,2,12,138.761,SOFT,0,39.0,31.1,2.0,69.0,1007.5
Practice 3,31,15,127.641,MEDIUM,0,39.0,31.1,2.0,69.0,1007.5
Practice 3,11,14,92.962,MEDIUM,0,39.0,31.1,2.0,69.0,1007.5
Practice 3,77,20,93.557,SOFT,0,39.0,31.1,2.0,69.0,1007.5
Practice 3,4,14,118.583,MEDIUM,0,39.0,31.1,2.0,69.0,1007.5
Practice 3,24,18,863.749,SOFT,0,39.0,31.1,2.0,69.0,1007.5
Practice 3,14,12,406.001,MEDIUM,0,39.0,31.1,2.0,69.0,1007.5
Practice 3,55,17,152.413,MEDIUM,0,39.0,31.1,2.0,69.0,1007.5
Practice 3,44,14,92.626,SOFT,0,39.0,31.1,2.0,69.0,1007.5
Practice 3,63,14,142.412,SOFT,0,39.0,31.1,2.0,69.0,1007.5
Practice 3,18,18,93.771,MEDIUM,0,39.0,31.1,2.0,69.0,1007.5
Practice 3,81,14,93.261,HARD,0,39.0,31.1,2.0,69.0,1007.5
Practice 3,20,10,92.97,MEDIUM,0,39.0,31.1,2.0,69.0,1007.5
Practice 3,16,19,92.381,MEDIUM,0,39.0,31.1,2.0,69.0,1007.5
Practice 3,11,15,167.971,MEDIUM,0,39.0,31.1,2.0,69.0,1007.5
Practice 3,40,13,93.416,MEDIUM,0,39.0,31.1,2.0,69.0,1007.5
Practice 3,77,21,158.846,SOFT,0,39.0,31.1,2.0,69.0,1007.5
Practice 3,27,12,92.961,MEDIUM,0,39.0,31.1,2.0,69.0,1007.5
Practice 3,10,15,93.351,MEDIUM,0,39.0,31.1,2.0,69.0,1007.5
Practice 3,1,16,157.754,MEDIUM,0,39.0,31.1,2.0,69.0,1007.5
Practice 3,44,15,128.803,SOFT,0,39.0,31.1,2.0,69.0,1007.5
Practice 3,22,13,93.024,MEDIUM,0,39.0,31.1,2.0,69.0,1007.5
Practice 3,24,19,93.678,SOFT,0,39.0,31.1,2.0,69.0,1007.5
Practice 3,2,13,143.132,SOFT,0,39.0,31.1,2.0,69.0,1007.5
Practice 3,14,13,93.19,MEDIUM,0,39.0,31.1,2.0,69.0,1007.5
Practice 3,18,19,112.063,MEDIUM,0,39.0,31.1,2.0,69.0,1007.5
Practice 3,81,15,120.83,HARD,0,39.0,31.1,2.0,69.0,1007.5
Practice 3,20,11,161.548,MEDIUM,0,39.0,31.1,2.0,69.0,1007.5
Practice 3,16,20,173.596,MEDIUM,0,39.0,31.1,2.0,69.0,1007.5
Practice 3,40,14,162.078,MEDIUM,0,39.0,31.1,2.0,69.0,1007.5
Practice 3,27,13,148.035,MEDIUM,0,39.0,31.1,2.0,69.0,1007.5
Practice 3,55,18,171.72,MEDIUM,0,39.0,31.1,2.0,69.0,1007.5
Practice 3,10,16,113.175,MEDIUM,0,39.0,31.1,2.0,69.0,1007.5
Practice 3,63,15,136.276,SOFT,0,39.0,31.1,2.0,69.0,1007.5
Practice 3,22,14,178.117,MEDIUM,0,39.0,31.1,2.0,69.0,1007.5
Practice 3,24,20,158.405,SOFT,0,39.0,31.1,2.0,69.0,1007.5
Practice 3,14,14,145.76,MEDIUM,0,39.0,31.1,2.0,69.0,1007.5
Practice 3,77,22,146.711,SOFT,0,39.0,31.1,2.0,69.0,1007.5
Practice 3,18,20,114.912,MEDIUM,0,39.0,31.1,2.0,69.0,1007.5
Practice 3,11,16,190.233,MEDIUM,0,39.0,31.1,2.0,69.0,1007.5
Practice 3,20,12,141.065,MEDIUM,0,39.0,31.1,2.0,69.0,1007.5
Practice 3,27,14,141.418,MEDIUM,0,39.0,31.1,2.0,69.0,1007.5
Practice 3,63,16,92.134,SOFT,0,39.0,31.1,2.0,69.0,1007.5
Practice 3,40,15,149.997,MEDIUM,0,39.0,31.1,2.0,69.0,1007.5
Practice 3,55,19,138.196,MEDIUM,0,39.0,31.1,2.0,69.0,1007.5
Practice 3,16,21,160.357,MEDIUM,0,39.0,31.1,2.0,69.0,1007.5
Practice 3,14,15,93.21,MEDIUM,0,39.0,31.1,2.0,69.0,1007.5
Practice 3,77,23,93.54,SOFT,0,39.0,31.1,2.0,69.0,1007.5
Practice 3,22,15,160.695,MEDIUM,0,39.0,31.1,2.0,69.0,1007.5
Practice 3,1,17,257.675,MEDIUM,0,39.0,31.1,2.0,69.0,1007.5
Practice 3,24,21,150.885,SOFT,0,39.0,31.1,2.0,69.0,1007.5
Practice 3,63,17,124.273,SOFT,0,39.0,31.1,2.0,69.0,1007.5
Practice 3,11,17,92.784,MEDIUM,0,39.0,31.1,2.0,69.0,1007.5
Practice 3,31,16,489.037,MEDIUM,0,39.0,31.1,2.0,69.0,1007.5
Practice 3,20,13,93.142,MEDIUM,0,39.0,31.1,2.0,69.0,1007.5
Practice 3,27,15,92.896,MEDIUM,0,39.0,31.1,2.0,69.0,1007.5
Practice 3,14,16,124.56,MEDIUM,0,39.0,31.1,2.0,69.0,1007.5
Practice 3,55,20,92.583,MEDIUM,0,39.0,31.1,2.0,69.0,1007.5
Practice 3,77,24,151.89,SOFT,0,39.0,31.1,2.0,69.0,1007.5
Practice 3,40,16,93.357,MEDIUM,0,39.0,31.1,2.0,69.0,1007.5
Practice 3,16,22,112.862,MEDIUM,0,39.0,31.1,2.0,69.0,1007.5
Practice 3,23,13,654.715,SOFT,0,39.0,31.1,2.0,69.0,1007.5
Practice 3,1,18,92.378,MEDIUM,0,39.0,31.1,2.0,69.0,1007.5
Practice 3,10,17,353.263,MEDIUM,0,39.0,31.1,2.0,69.0,1007.5
Practice 3,11,18,143.532,MEDIUM,0,39.0,31.1,2.0,69.0,1007.5
Practice 3,24,22,93.637,SOFT,0,39.0,31.1,2.0,69.0,1007.5
Practice 3,22,16,92.945,MEDIUM,0,39.0,31.1,2.0,69.0,1007.5
Practice 3,20,14,116.996,MEDIUM,0,39.0,31.1,2.0,69.0,1007.5
Practice 3,44,16,432.778,SOFT,0,39.0,31.1,2.0,69.0,1007.5
Practice 3,27,16,107.716,MEDIUM,0,39.0,31.1,2.0,69.0,1007.5
Practice 3,63,18,163.091,SOFT,0,39.0,31.1,2.0,69.0,1007.5
Practice 3,18,21,297.171,MEDIUM,0,39.0,31.1,2.0,69.0,1007.5
Practice 3,55,21,125.541,MEDIUM,0,39.0,31.1,2.0,69.0,1007.5
Practice 3,40,17,104.793,MEDIUM,0,39.0,31.1,2.0,69.0,1007.5
Practice 3,4,15,571.521,MEDIUM,0,39.0,31.1,2.0,69.0,1007.5
Practice 3,81,16,432.928,HARD,0,39.0,31.1,2.0,69.0,1007.5
Practice 3,14,17,98.931,MEDIUM,0,39.0,31.1,2.0,69.0,1007.5
Practice 3,2,14,481.741,SOFT,0,39.0,31.1,2.0,69.0,1007.5
Practice 3,1,19,127.178,MEDIUM,0,39.0,31.1,2.0,69.0,1007.5
Practice 3,31,17,151.47,MEDIUM,0,39.0,31.1,2.0,69.0,1007.5
Practice 3,16,23,93.633,MEDIUM,0,39.0,31.1,2.0,69.0,1007.5
Practice 3,24,23,130.393,SOFT,0,39.0,31.1,2.0,69.0,1007.5
Practice 3,77,25,129.562,SOFT,0,39.0,31.1,2.0,69.0,1007.5
Practice 3,22,17,128.363,MEDIUM,0,39.0,31.1,2.0,69.0,1007.5
Practice 3,10,18,119.431,MEDIUM,0,39.0,31.1,2.0,69.0,1007.5
Practice 3,23,14,136.327,SOFT,0,39.0,31.1,2.0,69.0,1007.5
Practice 3,11,19,135.47,MEDIUM,0,39.0,31.1,2.0,69.0,1007.5
Practice 3,27,17,121.686,MEDIUM,0,39.0,31.1,2.0,69.0,1007.5
Practice 3,20,15,111.444,MEDIUM,0,39.0,31.1,2.0,69.0,1007.5
Practice 3,18,22,127.109,MEDIUM,0,39.0,31.1,2.0,69.0,1007.5
Practice 3,44,17,141.832,SOFT,0,39.0,31.1,2.0,69.0,1007.5
Practice 3,40,18,134.894,MEDIUM,0,39.0,31.1,2.0,69.0,1007.5
Practice 3,4,16,128.81,MEDIUM,0,39.0,31.1,2.0,69.0,1007.5
Practice 3,55,22,130.241,MEDIUM,0,39.0,31.1,2.0,69.0,1007.5
Practice 3,14,18,124.039,MEDIUM,0,39.0,31.1,2.0,69.0,1007.5
Practice 3,16,24,151.9,MEDIUM,0,39.0,31.1,2.0,69.0,1007.5
Practice 3,63,19,144.133,SOFT,0,39.0,31.1,2.0,69.0,1007.5
Practice 3,81,17,146.438,HARD,0,39.0,31.1,2.0,69.0,1007.5
Practice 3,2,15,133.763,SOFT,0,39.0,31.1,2.0,69.0,1007.5
Practice 3,1,20,141.624,MEDIUM,0,39.0,31.1,2.0,69.0,1007.5
Practice 3,31,18,118.555,MEDIUM,0,39.0,31.1,2.0,69.0,1007.5
Practice 3,24,24,146.748,SOFT,0,39.0,31.1,2.0,69.0,1007.5
Practice 3,77,26,124.864,SOFT,0,39.0,31.1,2.0,69.0,1007.5
Practice 3,10,19,137.945,MEDIUM,0,39.0,31.1,2.0,69.0,1007.5
Practice 3,22,18,138.494,MEDIUM,0,39.0,31.1,2.0,69.0,1007.5
Practice 3,20,16,136.189,MEDIUM,0,39.0,31.1,2.0,69.0,1007.5
Practice 3,27,18,146.689,MEDIUM,0,39.0,31.1,2.0,69.0,1007.5
Practice 3,23,15,226.024,SOFT,0,39.0,31.1,2.0,69.0,1007.5
Practice 3,18,23,,MEDIUM,0,39.0,31.1,2.0,69.0,1007.5
Practice 3,11,20,141.472,MEDIUM,0,39.0,31.1,2.0,69.0,1007.5
Practice 3,40,19,132.383,MEDIUM,0,39.0,31.1,2.0,69.0,1007.5
Practice 3,44,18,148.468,SOFT,0,39.0,31.1,2.0,69.0,1007.5
Practice 3,4,17,153.953,MEDIUM,0,39.0,31.1,2.0,69.0,1007.5
Practice 3,14,19,,MEDIUM,0,39.0,31.1,2.0,69.0,1007.5
Practice 3,55,23,140.456,MEDIUM,0,39.0,31.1,2.0,69.0,1007.5
Practice 3,63,20,157.336,SOFT,0,39.0,31.1,2.0,69.0,1007.5
Practice 3,81,18,150.884,HARD,0,39.0,31.1,2.0,69.0,1007.5
Practice 3,16,25,139.091,MEDIUM,0,39.0,31.1,2.0,69.0,1007.5
Practice 3,31,19,137.978,MEDIUM,0,39.0,31.1,2.0,69.0,1007.5
Practice 3,2,16,148.785,SOFT,0,39.0,31.1,2.0,69.0,1007.5
Practice 3,1,21,144.538,MEDIUM,0,39.0,31.1,2.0,69.0,1007.5
